Game Infos,AmongUs ver.2025.3.25,ExtremeRoles ver.13.0.1.1,Exported on:2025/04/19 15:25:50
Name,OptionValue,CustomOptionName,SelectedIndex
強力なシャッフルを使用する,オン,RandomOptionUseStrong,1
使用する乱数生成アルゴリズム,PCG32-XSH-RR,RandomOptionAlgorithm,0
クルーのロール数　最少,3,RoleSpawnCategoryMinCrewmate,3
クルーのロール数　最大,3,RoleSpawnCategoryMaxCrewmate,3
第三陣営のロール数　最少,1,RoleSpawnCategoryMinNeutral,1
第三陣営のロール数　最大,1,RoleSpawnCategoryMaxNeutral,1
インポスターのロール数　最少,3,RoleSpawnCategoryMinImpostor,3
インポスターのロール数　最大,3,RoleSpawnCategoryMaxImpostor,3
クルーのゴーストロール数　最少,0,GhostRoleSpawnCategoryMinCrewmate,0
クルーのゴーストロール数　最大,0,GhostRoleSpawnCategoryMaxCrewmate,0
第三陣営のゴーストロール数　最少,0,GhostRoleSpawnCategoryMinNeutral,0
第三陣営のゴーストロール数　最大,0,GhostRoleSpawnCategoryMaxNeutral,0
インポスターのゴーストロール数　最少,0,GhostRoleSpawnCategoryMinImpostor,0
インポスターのゴーストロール数　最大,0,GhostRoleSpawnCategoryMaxImpostor,0
ホスト役職：「シオン」を使用する,オン,XionUseXion,1
初期キルクールが10秒か,オフ,OnGameStartOptionIsKillCoolDownIsTen,0
誰かの会議ボタンを消費しておく,オフ,OnGameStartOptionRemoveSomeoneButton,0
消費数,1,OnGameStartOptionReduceNum,0
ゲーム開始から会議ボタンが押せない秒数,5秒,OnGameStartOptionFirstButtonCoolDown,5
「挙手する」ボタンを使用する,オン,MeetingOptionUseRaiseHand,1
合計緊急会議回数,10,MeetingOptionNumMeating,10
会議中のプレイヤーの並び順をバニラから変更する,オフ,MeetingOptionChangeMeetingVoteAreaSort,0
会議中のプレイヤーのレベルを固定化する,オフ,MeetingOptionFixedMeetingPlayerLevel,0
投票スキップ禁止,オフ,MeetingOptionDisableSkipInEmergencyMeeting,0
自殺投票禁止,オフ,MeetingOptionDisableSelfVote,0
追放を確認する陣営,インポスター,ExiledOptionConfirmExilMode,0
追放時、役職も確認するか,オフ,ExiledOptionIsConfirmRole,0
マップのベントを無効化する,オフ,VentOptionDisable,0
ベント内のプレイヤーをキルできるか,オフ,VentOptionCanKillInPlayer,0
エンジニアのベント使用をインポスターと同じにする,オフ,VentOptionEngineerUseImpostor,0
ベントのアニメーションが再生される範囲,画面内全て,VentOptionAnimationModeInVison,0
メッドベイのスキャンを同時使用できるか,オン,TaskOptionParallelMedBayScans,1
タスクの壁チェックの設定を上書きするか,オン,TaskOptionIsFixWallHaskTask,1
ゴミ箱タスク,オン,TaskOptionGarbageTask,1
シャワータスク,オン,TaskOptionShowerTask,1
現像タスク,オン,TaskOptionDevelopPhotosTask,1
電力転換タスク,オン,TaskOptionDivertPowerTask,1
スポーンの特殊設定を有効化する,オン,RandomSpawnOptionEnable,1
「スケルド」のランダムスポーン,オフ,RandomSpawnOptionSkeld,0
「ミラHQ」のランダムスポーン,オフ,RandomSpawnOptionMiraHq,0
「ポーラス」のランダムスポーン,オフ,RandomSpawnOptionPolus,0
「エアシップ」のランダムスポーン,オン,RandomSpawnOptionAirShip,1
「ファングル」のランダムスポーン,オフ,RandomSpawnOptionFungle,0
会議後のランダムスポーンを自動選択にするか,オフ,RandomSpawnOptionIsAutoSelect,0
アドミンを無効化する,オフ,AdminOptionIsRemove,0
アドミンの時間制限を有効化する,オフ,AdminOptionEnableLimit,0
アドミンの使用時間上限,30秒,AdminOptionLimitTime,50
「エアシップ」の有効なアドミン,両方有効,AdminOptionAirShipEnable,0
セキュリティカメラとログを無効化する,オフ,SecurityOptionIsRemove,0
セキュリティカメラとログの時間制限を有効化する,オフ,SecurityOptionEnableLimit,0
セキュリティカメラとログの使用時間上限,30秒,SecurityOptionLimitTime,50
バイタルを無効化する,オフ,VitalOptionIsRemove,0
バイタルの時間制限を有効化する,オフ,VitalOptionEnableLimit,0
バイタルの使用時間上限,30秒,VitalOptionLimitTime,50
ポーラスのバイタルの位置,デフォルト,VitalOptionPolusVitalPos,0
毎回マップがランダムに変わるか,オフ,RandomMapOptionEnable,0
タスクを持つクルーが居ない場合、タスク勝利を無効化する,オフ,TaskWinOptionDisableWhenNoneTaskCrew,0
タスク勝利を無効化する,オフ,TaskWinOptionDisableAll,0
同じロールの第三陣営の勝利を同じにする,オン,NeutralWinOptionIsSame,1
第三陣営の特殊勝利による強制終了を無効化する,オフ,NeutralWinOptionDisableSpecialEnd,0
第三陣営役職がバニラの幽霊役職にアサインされるか,オン,GhostRoleGlobalOptionIsAssignNeutralToVanillaCrewGhostRole,1
ゴーストロールの天使アイコンを無効化する,オフ,GhostRoleGlobalOptionIsRemoveAngleIcon,0
守護天使の能力発動報告を無効化する,オフ,GhostRoleGlobalOptionIsBlockGAAbilityReport,0
スポーンレート,0％,SpecialCrewSpawnRate,0
スポーン数,1,SpecialCrewRoleNum,0
アサインウェイト,500,SpecialCrewAssignWeight,499
別の視界設定を持つか,オフ,SpecialCrewHasOtherVision,0
ビジョン,2x,SpecialCrewVision,7
視界効果を受けるか,オン,SpecialCrewApplyEnvironmentVisionEffect,1
スポーンレート,100％,SheriffSpawnRate,10
スポーン数,1,SheriffRoleNum,0
アサインウェイト,500,SheriffAssignWeight,499
別の視界設定を持つか,オフ,SheriffHasOtherVision,0
ビジョン,2x,SheriffVision,7
視界効果を受けるか,オン,SheriffApplyEnvironmentVisionEffect,1
別のキルクールタイムを持つか,オフ,SheriffHasOtherKillCool,0
キルクールタイム,30秒,SheriffKillCoolDown,58
別のキルレンジを持つか,オフ,SheriffHasOtherKillRange,0
キルレンジ,ショート,SheriffKillRange,0
アサシンをキルできるか,オフ,SheriffCanShootAssassin,0
第三陣営をキルできるか,オン,SheriffCanShootNeutral,1
キルできる回数,1回,SheriffShootNum,0
タスクに関する設定を有効化する,オフ,SheriffEnableTaskRelated,0
1つのタスク完了によるキルクール減少量,2秒,SheriffReduceCurKillCool,10
キルクールの減少が永続か,オフ,SheriffIsPerm,0
キルできる回数がタスクによって増加するか,オフ,SheriffIsSyncTaskAndShootNum,0
キルできる回数が増加するタスク完了の増加率,5％,SheriffSyncShootTaskGage,0
スポーンレート,0％,MaintainerSpawnRate,0
スポーン数,1,MaintainerRoleNum,0
アサインウェイト,500,MaintainerAssignWeight,499
別の視界設定を持つか,オフ,MaintainerHasOtherVision,0
ビジョン,2x,MaintainerVision,7
視界効果を受けるか,オン,MaintainerApplyEnvironmentVisionEffect,1
「緊急修理」のクールタイム,30秒,MaintainerAbilityCoolTime,59
「緊急修理」の回数,2回,MaintainerAbilityCount,1
スポーンレート,100％,NeetSpawnRate,10
スポーン数,1,NeetRoleNum,0
アサインウェイト,490,NeetAssignWeight,489
別の視界設定を持つか,オフ,NeetHasOtherVision,0
ビジョン,2x,NeetVision,7
視界効果を受けるか,オン,NeetApplyEnvironmentVisionEffect,1
緊急会議を起こせるか,オフ,NeetCanCallMeeting,0
サボタージを治せるか,オフ,NeetCanRepairSabotage,0
第三陣営か,オフ,NeetIsNeutral,0
タスクを持つか,オフ,NeetHasTask,0
スポーンレート,0％,WatchdogSpawnRate,0
スポーン数,1,WatchdogRoleNum,0
アサインウェイト,500,WatchdogAssignWeight,499
別の視界設定を持つか,オフ,WatchdogHasOtherVision,0
ビジョン,2x,WatchdogVision,7
視界効果を受けるか,オン,WatchdogApplyEnvironmentVisionEffect,1
セキュリティとログのクールタイム,30秒,WatchdogAbilityCoolTime,59
充電の持続時間,3秒,WatchdogAbilityActiveTime,5
スポーンレート,0％,SupervisorSpawnRate,0
スポーン数,1,SupervisorRoleNum,0
アサインウェイト,500,SupervisorAssignWeight,499
別の視界設定を持つか,オフ,SupervisorHasOtherVision,0
ビジョン,2x,SupervisorVision,7
視界効果を受けるか,オン,SupervisorApplyEnvironmentVisionEffect,1
アドミンのクールタイム,30秒,SupervisorAbilityCoolTime,59
充電の持続時間,10秒,SupervisorAbilityActiveTime,19
「アドミン」がタスク進捗によって強化されるか,オン,SupervisorIsBoostTask,1
「アドミン」が強化されるタスク進捗率,75％,SupervisorTaskGage,5
スポーンレート,0％,BodyGuardSpawnRate,0
スポーン数,1,BodyGuardRoleNum,0
アサインウェイト,500,BodyGuardAssignWeight,499
別の視界設定を持つか,オフ,BodyGuardHasOtherVision,0
ビジョン,2x,BodyGuardVision,7
視界効果を受けるか,オン,BodyGuardApplyEnvironmentVisionEffect,1
「ガード」を付与できる範囲,1,BodyGuardShieldRange,10
「ガード」のクールタイム,30秒,BodyGuardAbilityCoolTime,59
「ガード」が付与できる回数,2回,BodyGuardAbilityCount,1
会議中に「ガード」が使用できるタスク進捗率,30％,BodyGuardFeatMeetingAbilityTaskGage,3
会議でボディーガードの「殉職」が報告されるタスク進捗率,60％,BodyGuardFeatMeetingReportTaskGage,6
「殉職」が報告される際にプレイヤー名が表示されるか,オフ,BodyGuardIsReportPlayerName,0
報告されるプレイヤー名,守ったプレイヤーのみ,BodyGuardReportPlayerMode,0
会議中のキルを防ぐ事ができるか,オン,BodyGuardIsBlockMeetingKill,1
スポーンレート,0％,WhisperSpawnRate,0
スポーン数,1,WhisperRoleNum,0
アサインウェイト,500,WhisperAssignWeight,499
別の視界設定を持つか,オフ,WhisperHasOtherVision,0
ビジョン,2x,WhisperVision,7
視界効果を受けるか,オン,WhisperApplyEnvironmentVisionEffect,1
停止してから能力が発動するまでの時間,2秒,WhisperAbilityOffTime,2
「耳すまし」の持続時間,4秒,WhisperAbilityOnTime,6
キルされたテキストの表示時間,3秒,WhisperTellTextTime,4
キルされたテキストの最大表示数,3,WhisperMaxTellText,2
タスクによる能力強化を有効化するか,オフ,WhisperEnableAwakeAbility,0
能力が強化されるタスク進捗率,70％,WhisperAbilityTaskGage,7
スポーンレート,50％,TimeMasterSpawnRate,5
スポーン数,1,TimeMasterRoleNum,0
アサインウェイト,500,TimeMasterAssignWeight,499
別の視界設定を持つか,オフ,TimeMasterHasOtherVision,0
ビジョン,2x,TimeMasterVision,7
視界効果を受けるか,オン,TimeMasterApplyEnvironmentVisionEffect,1
「タイムシールド」のクールタイム,25秒,TimeMasterAbilityCoolTime,49
「タイムシールド」の持続時間,3秒,TimeMasterAbilityActiveTime,5
「タイムシールド」によって巻き戻る時間,5秒,TimeMasterRewindTime,8
スポーンレート,0％,AgencySpawnRate,0
スポーン数,1,AgencyRoleNum,0
アサインウェイト,500,AgencyAssignWeight,499
別の視界設定を持つか,オフ,AgencyHasOtherVision,0
ビジョン,2x,AgencyVision,7
視界効果を受けるか,オン,AgencyApplyEnvironmentVisionEffect,1
タスクバーを常に見ることが出来るか,オン,AgencyCanSeeTaskBar,1
「肩代わり」で取れるタスク数の上限,2,AgencyMaxTaskNum,1
「肩代わり」が発動できる範囲,1,AgencyTakeTaskRange,5
「肩代わり」のクールタイム,30秒,AgencyAbilityCoolTime,59
「肩代わり」が発動できる回数,2回,AgencyAbilityCount,1
スポーンレート,100％,BakarySpawnRate,10
スポーン数,1,BakaryRoleNum,0
アサインウェイト,500,BakaryAssignWeight,499
別の視界設定を持つか,オフ,BakaryHasOtherVision,0
ビジョン,2x,BakaryVision,7
視界効果を受けるか,オン,BakaryApplyEnvironmentVisionEffect,1
パンの焼き加減が変わるかどうか,オン,BakaryChangeCooking,1
パンが焼ける会議との合間時間,60秒,BakaryGoodBakeTime,30
パンが焦げる会議との合間時間,120秒,BakaryBadBakeTime,30
スポーンレート,0％,CurseMakerSpawnRate,0
スポーン数,1,CurseMakerRoleNum,0
アサインウェイト,500,CurseMakerAssignWeight,499
別の視界設定を持つか,オフ,CurseMakerHasOtherVision,0
ビジョン,2x,CurseMakerVision,7
視界効果を受けるか,オン,CurseMakerApplyEnvironmentVisionEffect,1
「呪い」が発動できる死体からの距離,2.5,CurseMakerCursingRange,4
「呪い」によって付与されるキルクールペナルティ,5秒,CurseMakerAdditionalKillCool,40
「呪い」のクールタイム,30秒,CurseMakerAbilityCoolTime,59
「呪い」が完了するまでの時間,5秒,CurseMakerAbilityActiveTime,9
「呪い」の使用回数,1回,CurseMakerAbilityCount,0
タスク1つ完了毎の「「呪い」が完了するまでの時間」の減少率,0％,CurseMakerTaskCurseTimeReduceRate,0
タスク進捗によって「呪い」によって「死体」が消えないようになるか,オフ,CurseMakerIsNotRemoveDeadBodyByTask,0
「死体」が消えないようになるタスク進捗率,100％,CurseMakerNotRemoveDeadBodyTaskGage,20
死体を指す矢印を表示するか,オン,CurseMakerIsDeadBodySearch,1
複数回、死体への矢印を表示させるか,オフ,CurseMakerIsMultiDeadBodySearch,0
キルされてから矢印が表示されるまでの時間,60秒,CurseMakerSearchDeadBodyTime,119
矢印の表示されるまでの時間がタスク進捗によって減少するか,オフ,CurseMakerIsReduceSearchForTask,0
矢印の表示されるまでの時間が減少するタスク進捗率,100％,CurseMakerReduceSearchTaskGage,15
減少する時間,0.5秒,CurseMakerReduceSearchDeadBodyTime,0
スポーンレート,50％,FencerSpawnRate,5
スポーン数,1,FencerRoleNum,0
アサインウェイト,500,FencerAssignWeight,499
別の視界設定を持つか,オフ,FencerHasOtherVision,0
ビジョン,2x,FencerVision,7
視界効果を受けるか,オン,FencerApplyEnvironmentVisionEffect,1
「カウンター」のクールタイム,25秒,FencerAbilityCoolTime,49
「カウンター」の受付時間,3秒,FencerAbilityActiveTime,5
「カウンター」の使用回数,2回,FencerAbilityCount,1
キルボタンが付与されてからなくなるまでの時間,5秒,FencerResetTime,5
スポーンレート,0％,OpenerSpawnRate,0
スポーン数,1,OpenerRoleNum,0
アサインウェイト,500,OpenerAssignWeight,499
別の視界設定を持つか,オフ,OpenerHasOtherVision,0
ビジョン,2x,OpenerVision,7
視界効果を受けるか,オン,OpenerApplyEnvironmentVisionEffect,1
「ドア開け」のクールタイム,30秒,OpenerAbilityCoolTime,59
「ドア開け」の基本使用回数,2回,OpenerAbilityCount,1
「ドア開け」の扉からの発動距離,2,OpenerRange,15
「ドア開け」のクール減少率,45％,OpenerReduceRate,40
「ドア開け」の追加使用回数,5回,OpenerPlusAbility,4
スポーンレート,0％,CarpenterSpawnRate,0
スポーン数,1,CarpenterRoleNum,0
アサインウェイト,500,CarpenterAssignWeight,499
別の視界設定を持つか,オフ,CarpenterHasOtherVision,0
ビジョン,2x,CarpenterVision,7
視界効果を受けるか,オン,CarpenterApplyEnvironmentVisionEffect,1
カーペンターに覚醒するタスク進捗率,70％,CarpenterAwakeTaskGage,7
「ベント封鎖」と「カメラ設置」のクールタイム,15秒,CarpenterAbilityCoolTime,26
「ネジ」の総本数,15本,CarpenterAbilityCount,10
「ベント封鎖」によって消費する「ネジ」の本数,10本,CarpenterRemoveVentScrew,9
「ベント封鎖」にかかる時間,5秒,CarpenterRemoveVentStopTime,6
「カメラ設置」によって消費する「ネジ」の本数,5本,CarpenterSetCameraScrew,4
「カメラ設置」にかかる時間,2.5秒,CarpenterSetCameraStopTime,3
スポーンレート,0％,SurvivorSpawnRate,0
スポーン数,1,SurvivorRoleNum,0
アサインウェイト,500,SurvivorAssignWeight,499
別の視界設定を持つか,オフ,SurvivorHasOtherVision,0
ビジョン,2x,SurvivorVision,7
視界効果を受けるか,オン,SurvivorApplyEnvironmentVisionEffect,1
サバイバーに覚醒するタスク進捗率,70％,SurvivorAwakeTaskGage,7
サバイバーが死んでも勝利できるタスク進捗率,100％,SurvivorDeadWinTaskGage,5
サバイバーが勝利できない状態時に幽霊役職にアサインされるか,オン,SurvivorNoWinSurvivorAssignGhostRole,1
スポーンレート,0％,CaptainSpawnRate,0
スポーン数,1,CaptainRoleNum,0
アサインウェイト,500,CaptainAssignWeight,499
別の視界設定を持つか,オフ,CaptainHasOtherVision,0
ビジョン,2x,CaptainVision,7
視界効果を受けるか,オン,CaptainApplyEnvironmentVisionEffect,1
キャプテンに覚醒するタスク進捗率,50％,CaptainAwakeTaskGage,5
スキップや無投票毎にチャージされる「特殊投票」の票数,1票,CaptainChargeVoteWhenSkip,9
「特殊投票」の元票数,1票,CaptainAwakedDefaultVoteNum,10
スポーンレート,0％,PhotographerSpawnRate,0
スポーン数,1,PhotographerRoleNum,0
アサインウェイト,500,PhotographerAssignWeight,499
別の視界設定を持つか,オフ,PhotographerHasOtherVision,0
ビジョン,2x,PhotographerVision,7
視界効果を受けるか,オン,PhotographerApplyEnvironmentVisionEffect,1
フォトグラファーに覚醒するタスク進捗率,30％,PhotographerAwakeTaskGage,3
「撮影」が強化されるタスク進捗率,60％,PhotographerUpgradePhotoTaskGage,6
「撮影」した情報が全体共有されるか,オフ,PhotographerEnableAllSendChat,0
全体共有されるタスク進捗率,80％,PhotographerUpgradeAllSendChatTaskGage,8
「撮影」の範囲,10,PhotographerPhotoRange,15
「撮影」のクールタイム,30秒,PhotographerAbilityCoolTime,59
「撮影」の使用可能回数,5回,PhotographerAbilityCount,4
スポーンレート,0％,DelusionerSpawnRate,0
スポーン数,1,DelusionerRoleNum,0
アサインウェイト,500,DelusionerAssignWeight,499
別の視界設定を持つか,オフ,DelusionerHasOtherVision,0
ビジョン,2x,DelusionerVision,7
視界効果を受けるか,オン,DelusionerApplyEnvironmentVisionEffect,1
デリュージョナーに覚醒する自殺投票数,3票,DelusionerAwakeVoteNum,3
毎会議終了時覚醒条件を満たす必要があるか,オフ,DelusionerIsOnetimeAwake,0
「被害を逸らす」の発動可能範囲,2.5,DelusionerRange,25
「被害を逸らす」のクールタイム,30秒,DelusionerAbilityCoolTime,59
「被害を逸らす」の使用回数,3回,DelusionerAbilityCount,2
自殺投票1票あたりの「被害を逸らす」のクールタイム減少率,5％,DelusionerVoteCoolTimeReduceRate,1
「被害を逸らす」一回あたりのクールタイムペナルティ,10％,DelusionerDeflectDamagePenaltyRate,2
「被害を逸らす」のランダムテレポート地点に自分の位置を含めるか,オン,DelusionerIsIncludeLocalPlayer,1
「被害を逸らす」のランダムテレポート地点にマップの初期位置を含めるか,オフ,DelusionerIsIncludeSpawnPoint,0
「被害を逸らす」の暴発を有効にするか,オフ,DelusionerEnableCounter,0
スポーンレート,0％,ResurrecterSpawnRate,0
スポーン数,1,ResurrecterRoleNum,0
アサインウェイト,500,ResurrecterAssignWeight,499
別の視界設定を持つか,オフ,ResurrecterHasOtherVision,0
ビジョン,2x,ResurrecterVision,7
視界効果を受けるか,オン,ResurrecterApplyEnvironmentVisionEffect,1
リザレクターに覚醒するタスク進捗率,100％,ResurrecterAwakeTaskGage,10
「復活可能状態」になるタスク進捗率,100％,ResurrecterResurrectTaskGage,5
「復活可能状態」時に死亡してから復活するまでのタイムラグ,5秒,ResurrecterResurrectDelayTime,10
復活後、全員の会議クールダウンをリセットするか,オン,ResurrecterIsMeetingCoolResetOnResurrect,1
復活後の会議のクールタイム,20秒,ResurrecterResurrectMeetingCooltime,60
復活後、タスクの巻き戻りが発生する会議回数,1,ResurrecterResurrectTaskResetMeetingNum,0
タスクの巻き戻り率,20％,ResurrecterResurrectTaskResetGage,2
死亡後に「復活可能状態」になっても復活することが可能か,オフ,ResurrecterCanResurrectAfterDeath,0
追放でも復活することが可能か,オフ,ResurrecterCanResurrectOnExil,0
スポーンレート,0％,GamblerSpawnRate,0
スポーン数,1,GamblerRoleNum,0
アサインウェイト,500,GamblerAssignWeight,499
別の視界設定を持つか,オフ,GamblerHasOtherVision,0
ビジョン,2x,GamblerVision,7
視界効果を受けるか,オン,GamblerApplyEnvironmentVisionEffect,1
投票数が1票になる確率,50％,GamblerNormalVoteRate,10
スポーンレート,0％,TeleporterSpawnRate,0
スポーン数,1,TeleporterRoleNum,0
アサインウェイト,500,TeleporterAssignWeight,499
別の視界設定を持つか,オフ,TeleporterHasOtherVision,0
ビジョン,2x,TeleporterVision,7
視界効果を受けるか,オン,TeleporterApplyEnvironmentVisionEffect,1
「ポータル」が他のプレイヤーが使用できるか,オフ,TeleporterCanUseOtherPlayer,0
「セットポータル」のクールタイム,30秒,TeleporterAbilityCoolTime,59
「ポータルのかけら」が設置される個数,1回,TeleporterAbilityCount,0
スポーンレート,0％,ModeratorSpawnRate,0
スポーン数,1,ModeratorRoleNum,0
アサインウェイト,500,ModeratorAssignWeight,499
別の視界設定を持つか,オフ,ModeratorHasOtherVision,0
ビジョン,2x,ModeratorVision,7
視界効果を受けるか,オン,ModeratorApplyEnvironmentVisionEffect,1
モデレーターに覚醒するタスク進捗率,0％,ModeratorAwakeTaskGage,0
「モデレート」のクールタイム,15秒,ModeratorAbilityCoolTime,29
「モデレート」の使用可能回数,2回,ModeratorAbilityCount,1
「モデレート」によって増加する会議時間,30秒,ModeratorMeetingTimerOffset,5
スポーンレート,0％,PsychicSpawnRate,0
スポーン数,1,PsychicRoleNum,0
アサインウェイト,500,PsychicAssignWeight,499
別の視界設定を持つか,オフ,PsychicHasOtherVision,0
ビジョン,2x,PsychicVision,7
視界効果を受けるか,オン,PsychicApplyEnvironmentVisionEffect,1
サイキックに覚醒するタスク進捗率(覚醒条件:1),30％,PsychicAwakeTaskGage,3
サイキックに覚醒する死亡者数(覚醒条件:2),2,PsychicAwakeDeadPlayerNum,2
「降霊術」のクールタイム,30秒,PsychicAbilityCoolTime,59
「降霊術」にかかる時間,3秒,PsychicAbilityActiveTime,5
「降霊術」が使える回数,1回,PsychicAbilityCount,0
「降霊術」が強化されるか,オフ,PsychicIsUpgradeAbility,0
「降霊術」が強化されるタスク進捗率(強化条件:1),70％,PsychicUpgradeTaskGage,7
「降霊術」が強化される死亡者数(強化条件:2),5,PsychicUpgradeDeadPlayerNum,5
スポーンレート,0％,BaitSpawnRate,0
スポーン数,1,BaitRoleNum,0
アサインウェイト,500,BaitAssignWeight,499
別の視界設定を持つか,オフ,BaitHasOtherVision,0
ビジョン,2x,BaitVision,7
視界効果を受けるか,オン,BaitApplyEnvironmentVisionEffect,1
ベイトに覚醒するタスク進捗率,70％,BaitAwakeTaskGage,7
強制通報までの遅延時間,5秒,BaitDelayUntilForceReport,10
強制通報後のキル能力持ちのキルクールボーナスを有効にするか,オン,BaitEnableBaitBenefit,1
キルクールの減少速度倍率,2x,BaitKillCoolReduceMulti,9
ボーナスの持続時間,5秒,BaitReduceTimer,8
スポーンレート,0％,JailerSpawnRate,0
スポーン数,1,JailerRoleNum,0
アサインウェイト,500,JailerAssignWeight,499
別の視界設定を持つか,オフ,JailerHasOtherVision,0
ビジョン,2x,JailerVision,7
視界効果を受けるか,オン,JailerApplyEnvironmentVisionEffect,1
ジェイラーに覚醒するタスク進捗率(覚醒条件:1),70％,JailerAwakeTaskGage,7
ジェイラーに覚醒する死亡者数(覚醒条件:2),7,JailerAwakeDeadPlayerNum,7
ジェイラーがアドミンを使用できるか,オフ,JailerUseAdmin,0
ジェイラーがセキュリティカメラ/ログを使用できるか,オン,JailerUseSecurity,1
ジェイラーがバイタルを使用できるか,オフ,JailerUseVital,0
「投獄」のクールタイム,30秒,JailerAbilityCoolTime,59
「投獄」の使用回数,1回,JailerAbilityCount,0
「投獄」が成功する陣営,インポスターとニュートラル,JailerTargetMode,0
アサシンを「投獄」できるか,オン,JailerCanReplaceAssassin,1
「投獄」が発動できる範囲,0.1,JailerRange,0
「投獄」が成功し、使用回数が0回の時自決するか,オン,JailerIsDeadAbilityZero,1
「投獄」が失敗時、自決するか,オフ,JailerIsMissingToDead,0
ロォーブレーカーがキルできるか,オン,JailerLawbreakerCanKill,1
ロォーブレーカーが別のキルクール設定を持つか,オフ,JailerHasOtherKillCool,0
ロォーブレーカーのキルクール,30秒,JailerKillCoolDown,58
ロォーブレーカーが別のキルレンジ設定を持つか,オフ,JailerHasOtherKillRange,0
ロォーブレーカーのキルレンジ,ショート,JailerKillRange,0
ロォーブレーカーがベントを使用できるか,オン,JailerLawbreakerUseVent,1
ロォーブレーカーがサボタージュを使用できるか,オン,JailerLawbreakerUseSab,1
ヤードバードの追加共通タスク数,2,JailerYardbirdAddCommonTask,2
ヤードバードの追加ショートタスク数,1,JailerYardbirdAddNormalTask,1
ヤードバードの追加ロングタスク数,1,JailerYardbirdAddLongTask,1
ヤードバードの移動速度倍率,0.8,JailerYardbirdSpeedMod,7
ヤードバードがアドミンを使用できるか,オフ,JailerYardbirdUseAdmin,0
ヤードバードがセキュリティカメラ/ログを使用できるか,オフ,JailerYardbirdUseSecurity,0
ヤードバードがバイタルを使用できるか,オフ,JailerYardbirdUseVital,0
ヤードバードがベントを使用できるか,オン,JailerYardbirdUseVent,1
ヤードバードがサボタージュを使用できるか,オン,JailerYardbirdUseSab,1
スポーンレート,0％,SummonerSpawnRate,0
スポーン数,1,SummonerRoleNum,0
アサインウェイト,500,SummonerAssignWeight,499
別の視界設定を持つか,オフ,SummonerHasOtherVision,0
ビジョン,2x,SummonerVision,7
視界効果を受けるか,オン,SummonerApplyEnvironmentVisionEffect,1
「マーキング」と「召喚」のクールタイム,30秒,SummonerAbilityCoolTime,59
「マーキング」の使用回数,3,SummonerMarkingCount,2
「マーキング」が使用できる範囲,2.5,SummonerRange,25
「召喚」の使用回数,3,SummonerSummonCount,2
スポーンレート,0％,SpecialImpostorSpawnRate,0
スポーン数,1,SpecialImpostorRoleNum,0
アサインウェイト,500,SpecialImpostorAssignWeight,499
別の視界設定を持つか,オフ,SpecialImpostorHasOtherVision,0
ビジョン,2x,SpecialImpostorVision,7
視界効果を受けるか,オフ,SpecialImpostorApplyEnvironmentVisionEffect,0
別のキルクールタイムを持つか,オフ,SpecialImpostorHasOtherKillCool,0
キルクールタイム,30秒,SpecialImpostorKillCoolDown,58
別のキルレンジを持つか,オフ,SpecialImpostorHasOtherKillRange,0
キルレンジ,ショート,SpecialImpostorKillRange,0
スポーンレート,0％,EvolverSpawnRate,0
スポーン数,1,EvolverRoleNum,0
アサインウェイト,500,EvolverAssignWeight,499
別の視界設定を持つか,オフ,EvolverHasOtherVision,0
ビジョン,2x,EvolverVision,7
視界効果を受けるか,オフ,EvolverApplyEnvironmentVisionEffect,0
別のキルクールタイムを持つか,オフ,EvolverHasOtherKillCool,0
キルクールタイム,30秒,EvolverKillCoolDown,58
別のキルレンジを持つか,オフ,EvolverHasOtherKillRange,0
キルレンジ,ショート,EvolverKillRange,0
進化時、アニメーションを行うか,オン,EvolverIsEvolvedAnimation,1
進化後、死体を消すか,オン,EvolverIsEatingEndCleanBody,1
「捕食」を行える範囲,2.5,EvolverEatingRange,4
進化後のキルクール減少率,15％,EvolverKillCoolReduceRate,14
進化毎のキルクール減少率の倍率,1x,EvolverKillCoolResuceRateMulti,0
進化のクールタイム,30秒,EvolverAbilityCoolTime,59
「捕食」を行う時間,3秒,EvolverAbilityActiveTime,5
最終進化までの回数,5回,EvolverAbilityCount,4
スポーンレート,0％,CarrierSpawnRate,0
スポーン数,1,CarrierRoleNum,0
アサインウェイト,500,CarrierAssignWeight,499
別の視界設定を持つか,オフ,CarrierHasOtherVision,0
ビジョン,2x,CarrierVision,7
視界効果を受けるか,オフ,CarrierApplyEnvironmentVisionEffect,0
別のキルクールタイムを持つか,オフ,CarrierHasOtherKillCool,0
キルクールタイム,30秒,CarrierKillCoolDown,58
別のキルレンジを持つか,オフ,CarrierHasOtherKillRange,0
キルレンジ,ショート,CarrierKillRange,0
「キャリー」のクールタイム,25秒,CarrierAbilityCoolTime,49
「キャリー」で死体を運べる時間,5秒,CarrierAbilityActiveTime,9
「キャリー」が発動できる死体からの距離,1,CarrierCarryDistance,0
死体運搬時、通報されるかどうか,オン,CarrierCanReportOnCarry,1
スポーンレート,0％,PsychoKillerSpawnRate,0
スポーン数,1,PsychoKillerRoleNum,0
アサインウェイト,500,PsychoKillerAssignWeight,499
別の視界設定を持つか,オフ,PsychoKillerHasOtherVision,0
ビジョン,2x,PsychoKillerVision,7
視界効果を受けるか,オフ,PsychoKillerApplyEnvironmentVisionEffect,0
別のキルクールタイムを持つか,オフ,PsychoKillerHasOtherKillCool,0
キルクールタイム,30秒,PsychoKillerKillCoolDown,58
別のキルレンジを持つか,オフ,PsychoKillerHasOtherKillRange,0
キルレンジ,ショート,PsychoKillerKillRange,0
キルクールの減少率,5％,PsychoKillerKillCoolReduceRate,4
最大キルコンボ数,2,PsychoKillerCombMax,1
キルコンボを会議時にリセットするか,オン,PsychoKillerCombResetWhenMeeting,1
自爆タイマーを有効化するか,オフ,PsychoKillerHasSelfKillTimer,0
自爆タイマーの秒数,30秒,PsychoKillerSelfKillTimerTime,50
会議終了後、タイマーが強制作動するか,オフ,PsychoKillerIsForceRestartWhenMeetingEnd,0
会議終了後の最初のキルまでタイマーが作動しないか,オフ,PsychoKillerIsDiactiveUntilKillWhenMeetingEnd,0
キルコンボ数による自爆タイマーの増減率,0％,PsychoKillerSelfKillTimerModRate,50
スポーンレート,0％,BountyHunterSpawnRate,0
スポーン数,1,BountyHunterRoleNum,0
アサインウェイト,500,BountyHunterAssignWeight,499
別の視界設定を持つか,オフ,BountyHunterHasOtherVision,0
ビジョン,2x,BountyHunterVision,7
視界効果を受けるか,オフ,BountyHunterApplyEnvironmentVisionEffect,0
別のキルクールタイムを持つか,オフ,BountyHunterHasOtherKillCool,0
キルクールタイム,30秒,BountyHunterKillCoolDown,58
別のキルレンジを持つか,オフ,BountyHunterHasOtherKillRange,0
キルレンジ,ショート,BountyHunterKillRange,0
ターゲット更新時間,60秒,BountyHunterTargetUpdateTime,60
ターゲットキル時のキルクール,5秒,BountyHunterTargetKillCoolTime,8
ターゲット以外キル時のキルクール,45秒,BountyHunterNoneTargetKillCoolTime,88
ターゲットを指す矢印を表示するか,オフ,BountyHunterIsShowArrow,0
矢印の更新時間,10秒,BountyHunterArrowUpdateCycle,18
スポーンレート,0％,PainterSpawnRate,0
スポーン数,1,PainterRoleNum,0
アサインウェイト,500,PainterAssignWeight,499
別の視界設定を持つか,オフ,PainterHasOtherVision,0
ビジョン,2x,PainterVision,7
視界効果を受けるか,オフ,PainterApplyEnvironmentVisionEffect,0
別のキルクールタイムを持つか,オフ,PainterHasOtherKillCool,0
キルクールタイム,30秒,PainterKillCoolDown,58
別のキルレンジを持つか,オフ,PainterHasOtherKillRange,0
キルレンジ,ショート,PainterKillRange,0
「ペイント」のクールタイム,30秒,PainterAbilityCoolTime,59
「ペイント」が行える距離,1,PainterCanPaintDistance,0
スポーンレート,0％,FakerSpawnRate,0
スポーン数,1,FakerRoleNum,0
アサインウェイト,500,FakerAssignWeight,499
別の視界設定を持つか,オフ,FakerHasOtherVision,0
ビジョン,2x,FakerVision,7
視界効果を受けるか,オフ,FakerApplyEnvironmentVisionEffect,0
別のキルクールタイムを持つか,オフ,FakerHasOtherKillCool,0
キルクールタイム,30秒,FakerKillCoolDown,58
別のキルレンジを持つか,オフ,FakerHasOtherKillRange,0
キルレンジ,ショート,FakerKillRange,0
「ダミー」のクールタイム,30秒,FakerAbilityCoolTime,59
スポーンレート,100％,OverLoaderSpawnRate,10
スポーン数,1,OverLoaderRoleNum,0
アサインウェイト,490,OverLoaderAssignWeight,489
別の視界設定を持つか,オフ,OverLoaderHasOtherVision,0
ビジョン,2x,OverLoaderVision,7
視界効果を受けるか,オフ,OverLoaderApplyEnvironmentVisionEffect,0
別のキルクールタイムを持つか,オフ,OverLoaderHasOtherKillCool,0
キルクールタイム,30秒,OverLoaderKillCoolDown,58
別のキルレンジを持つか,オフ,OverLoaderHasOtherKillRange,0
キルレンジ,ショート,OverLoaderKillRange,0
「オーバーローダー」に覚醒するインポスター生存者数,14,OverLoaderAwakeImpostorNum,13
「オーバーローダー」に覚醒するキル回数,0,OverLoaderAwakeKillCount,0
「オーバーロード」のクールタイム,30秒,OverLoaderAbilityCoolTime,59
「オーバーロード」発動後、解除可能になるまでの時間,7.5秒,OverLoaderAbilityActiveTime,14
「オーバーロード」時のキルクールの減少率,75％,OverLoaderKillCoolReduceRate,25
「オーバーロード」時のプレイヤーの移動速度,1.5x,OverLoaderMoveSpeed,5
スポーンレート,60％,CrackerSpawnRate,6
スポーン数,1,CrackerRoleNum,0
アサインウェイト,500,CrackerAssignWeight,499
別の視界設定を持つか,オフ,CrackerHasOtherVision,0
ビジョン,2x,CrackerVision,7
視界効果を受けるか,オフ,CrackerApplyEnvironmentVisionEffect,0
別のキルクールタイムを持つか,オフ,CrackerHasOtherKillCool,0
キルクールタイム,30秒,CrackerKillCoolDown,58
別のキルレンジを持つか,オフ,CrackerHasOtherKillRange,0
キルレンジ,ショート,CrackerKillRange,0
「クラック」のクールタイム,25秒,CrackerAbilityCoolTime,49
「クラック」の使用回数,2回,CrackerAbilityCount,1
「クラック」が発動できる範囲,1,CrackerCanCrackDistance,0
「クラック」によって死体を消すか,オン,CrackerRemoveDeadBody,1
スポーンレート,50％,BomberSpawnRate,5
スポーン数,1,BomberRoleNum,0
アサインウェイト,500,BomberAssignWeight,499
別の視界設定を持つか,オフ,BomberHasOtherVision,0
ビジョン,2x,BomberVision,7
視界効果を受けるか,オフ,BomberApplyEnvironmentVisionEffect,0
別のキルクールタイムを持つか,オフ,BomberHasOtherKillCool,0
キルクールタイム,30秒,BomberKillCoolDown,58
別のキルレンジを持つか,オフ,BomberHasOtherKillRange,0
キルレンジ,ショート,BomberKillRange,0
「爆弾設置」のクールタイム,25秒,BomberAbilityCoolTime,49
「爆弾設置」が完了する時間,2.5秒,BomberAbilityActiveTime,4
「爆弾設置」の使用回数,2回,BomberAbilityCount,1
爆弾の爆発範囲,2,BomberExplosionRange,1
爆発範囲に居たクルーが死亡する確率,50％,BomberExplosionKillChance,25
「爆弾設置」後、爆発するまでの時間の最小時間,15秒,BomberTimerMinTime,20
「爆弾設置」後、爆発するまでの時間の最大時間,60秒,BomberTimerMaxTime,30
爆発を役職の人に教えるかどうか,オン,BomberTellExplosion,1
スポーンレート,0％,MerySpawnRate,0
スポーン数,1,MeryRoleNum,0
アサインウェイト,500,MeryAssignWeight,499
別の視界設定を持つか,オフ,MeryHasOtherVision,0
ビジョン,2x,MeryVision,7
視界効果を受けるか,オフ,MeryApplyEnvironmentVisionEffect,0
別のキルクールタイムを持つか,オフ,MeryHasOtherKillCool,0
キルクールタイム,30秒,MeryKillCoolDown,58
別のキルレンジを持つか,オフ,MeryHasOtherKillRange,0
キルレンジ,ショート,MeryKillRange,0
「陣」のクールタイム,30秒,MeryAbilityCoolTime,59
「陣」の使用回数,3回,MeryAbilityCount,2
「陣」が活性化するのに必要なプレイヤー数,3,MeryActiveNum,2
「陣」がプレイヤーを検知する範囲,2,MeryActiveRange,19
スポーンレート,0％,SlaveDriverSpawnRate,0
スポーン数,1,SlaveDriverRoleNum,0
アサインウェイト,500,SlaveDriverAssignWeight,499
別の視界設定を持つか,オフ,SlaveDriverHasOtherVision,0
ビジョン,2x,SlaveDriverVision,7
視界効果を受けるか,オフ,SlaveDriverApplyEnvironmentVisionEffect,0
別のキルクールタイムを持つか,オフ,SlaveDriverHasOtherKillCool,0
キルクールタイム,30秒,SlaveDriverKillCoolDown,58
別のキルレンジを持つか,オフ,SlaveDriverHasOtherKillRange,0
キルレンジ,ショート,SlaveDriverKillRange,0
タスクバーを常に見ることが出来るか,オン,SlaveDriverCanSeeTaskBar,1
「ハラスメント」のクールタイム,30秒,SlaveDriverAbilityCoolTime,59
「ハラスメント」の使用回数,2回,SlaveDriverAbilityCount,1
「ハラスメント」で巻き戻るタスク数,2,SlaveDriverRevartTaskNum,1
「ハラスメント」が発動できる範囲,0.75,SlaveDriverRange,2
スポーンレート,0％,SandWormSpawnRate,0
スポーン数,1,SandWormRoleNum,0
アサインウェイト,500,SandWormAssignWeight,499
別の視界設定を持つか,オフ,SandWormHasOtherVision,0
ビジョン,2x,SandWormVision,7
視界効果を受けるか,オフ,SandWormApplyEnvironmentVisionEffect,0
別のキルクールタイムを持つか,オフ,SandWormHasOtherKillCool,0
キルクールタイム,30秒,SandWormKillCoolDown,58
別のキルレンジを持つか,オフ,SandWormHasOtherKillRange,0
キルレンジ,ショート,SandWormKillRange,0
通常キルのキルクールペナルティ,1.5秒,SandWormKillCoolPenalty,5
「強襲」及び停電中のキルのキルクールボーナス,3秒,SandWormAssaultKillCoolReduce,20
「強襲」が使用できる範囲,2,SandWormAssaultRange,19
「強襲」のクールタイム,15秒,SandWormAbilityCoolTime,145
スポーンレート,0％,SmasherSpawnRate,0
スポーン数,1,SmasherRoleNum,0
アサインウェイト,500,SmasherAssignWeight,499
別の視界設定を持つか,オフ,SmasherHasOtherVision,0
ビジョン,2x,SmasherVision,7
視界効果を受けるか,オフ,SmasherApplyEnvironmentVisionEffect,0
別のキルクールタイムを持つか,オフ,SmasherHasOtherKillCool,0
キルクールタイム,30秒,SmasherKillCoolDown,58
別のキルレンジを持つか,オフ,SmasherHasOtherKillRange,0
キルレンジ,ショート,SmasherKillRange,0
「スマッシュ」のクールタイム,30秒,SmasherAbilityCoolTime,59
「スマッシュ」の使用回数,1回,SmasherAbilityCount,0
「スマッシュ」によるキルクールペナルティ,4秒,SmasherSmashPenaltyKillCool,8
スポーンレート,0％,AssaultMasterSpawnRate,0
スポーン数,1,AssaultMasterRoleNum,0
アサインウェイト,500,AssaultMasterAssignWeight,499
別の視界設定を持つか,オフ,AssaultMasterHasOtherVision,0
ビジョン,2x,AssaultMasterVision,7
視界効果を受けるか,オフ,AssaultMasterApplyEnvironmentVisionEffect,0
別のキルクールタイムを持つか,オフ,AssaultMasterHasOtherKillCool,0
キルクールタイム,30秒,AssaultMasterKillCoolDown,58
別のキルレンジを持つか,オフ,AssaultMasterHasOtherKillRange,0
キルレンジ,ショート,AssaultMasterKillRange,0
「リロード」のクールタイム,30秒,AssaultMasterAbilityCoolTime,59
「ストック」の上限数,2本,AssaultMasterStockLimit,1
死体通報による貯まる「ストック」の本数,1本,AssaultMasterStockNumWhenReport,0
緊急会議ボタンによる貯まる「ストック」の本数,3本,AssaultMasterStockNumWhenMeetingButton,2
「コッキング」によるキルクール減少,2秒,AssaultMasterCockingKillCoolReduceTime,10
「ストック」1本あたりのキルクール減少,5秒,AssaultMasterReloadReduceKillCoolTimePerStock,30
キルによって「リロード」のクールタイムがリセットされるか,オン,AssaultMasterIsResetReloadCoolTimeWhenKill,1
上限を超えた「ストック」1本あたりの「リロード」クールタイム減少率,75％,AssaultMasterReloadCoolTimeReduceRatePerHideStock,45
スポーンレート,0％,ShooterSpawnRate,0
スポーン数,1,ShooterRoleNum,0
アサインウェイト,500,ShooterAssignWeight,499
別の視界設定を持つか,オフ,ShooterHasOtherVision,0
ビジョン,2x,ShooterVision,7
視界効果を受けるか,オフ,ShooterApplyEnvironmentVisionEffect,0
別のキルクールタイムを持つか,オフ,ShooterHasOtherKillCool,0
キルクールタイム,30秒,ShooterKillCoolDown,58
別のキルレンジを持つか,オフ,ShooterHasOtherKillRange,0
キルレンジ,ショート,ShooterKillRange,0
「シューター」が初期覚醒かどうか,オフ,ShooterIsInitAwake,0
「シューター」に覚醒するキル回数,1回,ShooterAwakeKillNum,1
「シューター」に覚醒するインポスター生存者数,1,ShooterAwakeImpNum,0
「シュート」によって非覚醒状態に戻るか,オン,ShooterNoneAwakeWhenShoot,1
「シュート」一回当りのキルクールペナルティ,5秒,ShooterShootKillCoolPenalty,10
緊急会議ボタンを使用できるか,オン,ShooterCanCallMeeting,1
自分で起こした緊急会議で「シュート」出来るか,オン,ShooterCanShootSelfCallMeeting,1
「弾」の最大所持数,1回,ShooterMaxShootNum,0
「弾」の初期弾数,0回,ShooterInitShootNum,0
会議中に「シュート」出来る回数,1回,ShooterMaxMeetingShootNum,0
「弾」の装填にかかる時間,90秒,ShooterShootChargeTime,12
「弾」の装填に必要なキル回数,1回,ShooterShootKillNum,1
スポーンレート,0％,LastWolfSpawnRate,0
スポーン数,1,LastWolfRoleNum,0
アサインウェイト,500,LastWolfAssignWeight,499
別の視界設定を持つか,オフ,LastWolfHasOtherVision,0
ビジョン,2x,LastWolfVision,7
視界効果を受けるか,オフ,LastWolfApplyEnvironmentVisionEffect,0
別のキルクールタイムを持つか,オフ,LastWolfHasOtherKillCool,0
キルクールタイム,30秒,LastWolfKillCoolDown,58
別のキルレンジを持つか,オフ,LastWolfHasOtherKillRange,0
キルレンジ,ショート,LastWolfKillRange,0
ラストウルフに覚醒するインポスターの生存者数,1,LastWolfAwakeImpostorNum,0
死亡者1人当たりのキルクール減少率,2％,LastWolfDeadPlayerNumBonus,0
非覚醒状態のキル回数1回当たりキルクール減少率,4％,LastWolfKillPlayerNumBonus,0
「強制停電」のクールタイム,30秒,LastWolfAbilityCoolTime,59
「強制停電」の発動時間,10秒,LastWolfAbilityActiveTime,19
「強制停電」の視界,0.1,LastWolfLightOffVision,1
スポーンレート,0％,CommanderSpawnRate,0
スポーン数,1,CommanderRoleNum,0
アサインウェイト,500,CommanderAssignWeight,499
別の視界設定を持つか,オフ,CommanderHasOtherVision,0
ビジョン,2x,CommanderVision,7
視界効果を受けるか,オフ,CommanderApplyEnvironmentVisionEffect,0
別のキルクールタイムを持つか,オフ,CommanderHasOtherKillCool,0
キルクールタイム,30秒,CommanderKillCoolDown,58
別のキルレンジを持つか,オフ,CommanderHasOtherKillRange,0
キルレンジ,ショート,CommanderKillRange,0
「攻撃指令」の基本キルクール減少量,2秒,CommanderKillCoolReduceTime,15
インポスターの脱落者1人当たりの「攻撃指令」のキルクール減少量,1.5秒,CommanderKillCoolReduceImpBonus,14
「攻撃指令」の使用回数が増加するキル数,2回,CommanderIncreaseKillNum,1
「攻撃指令」のクールタイム,30秒,CommanderAbilityCoolTime,59
「攻撃指令」の使用可能回数,1回,CommanderAbilityCount,0
スポーンレート,0％,HypnotistSpawnRate,0
スポーン数,1,HypnotistRoleNum,0
アサインウェイト,500,HypnotistAssignWeight,499
別の視界設定を持つか,オフ,HypnotistHasOtherVision,0
ビジョン,2x,HypnotistVision,7
視界効果を受けるか,オフ,HypnotistApplyEnvironmentVisionEffect,0
別のキルクールタイムを持つか,オフ,HypnotistHasOtherKillCool,0
キルクールタイム,30秒,HypnotistKillCoolDown,58
別のキルレンジを持つか,オフ,HypnotistHasOtherKillRange,0
キルレンジ,ショート,HypnotistKillRange,0
ヒプノティストに覚醒するインポスターの生存者数(条件:1),1,HypnotistAwakeCheckImpostorNum,0
ヒプノティストに覚醒するタスクの全体進捗率(条件:2),60％,HypnotistAwakeCheckTaskGage,6
ヒプノティストに覚醒するキル回数(条件:3),2回,HypnotistAwakeKillCount,2
「催眠術」のが発動できる範囲,1.6,HypnotistRange,11
「催眠術」のクールタイム,30秒,HypnotistAbilityCoolTime,59
「催眠術」の発動可能回数,1回,HypnotistAbilityCount,0
「能力のかけら」への矢印が表示される距離,10,HypnotistHideArrowRange,10
「ドール」作成時の「能力のかけら（赤）」のデフォルト個数,0,HypnotistDefaultRedAbilityPart,0
「能力のかけら（赤）」取得後「ドール」からキルボタンが消える秒数,15秒,HypnotistHideKillButtonTime,25
「能力のかけら（赤）」連続取得時の「ドール」のキルクール減少率,10％,HypnotistDollKillCoolReduceRate,10
「ドール」のキルによって「ヒプノティスト」のキルクールがリセットされるか,オン,HypnotistIsResetKillCoolWhenDollKill,1
「ドール」の「クラッキング」のクールタイム,30秒,HypnotistDollCrakingCoolTime,59
「ドール」の「クラッキング」が使用できる時間,3秒,HypnotistDollCrakingActiveTime,5
スポーンレート,0％,UnderWarperSpawnRate,0
スポーン数,1,UnderWarperRoleNum,0
アサインウェイト,500,UnderWarperAssignWeight,499
別の視界設定を持つか,オフ,UnderWarperHasOtherVision,0
ビジョン,2x,UnderWarperVision,7
視界効果を受けるか,オフ,UnderWarperApplyEnvironmentVisionEffect,0
別のキルクールタイムを持つか,オフ,UnderWarperHasOtherKillCool,0
キルクールタイム,30秒,UnderWarperKillCoolDown,58
別のキルレンジを持つか,オフ,UnderWarperHasOtherKillRange,0
キルレンジ,ショート,UnderWarperKillRange,0
アンダーワーパーに覚醒する会議終了後のキル回数,0回,UnderWarperAwakeKillCount,0
ベントが新しくリンクされる会議終了後のキル回数,0回,UnderWarperVentLinkKillCout,0
ベントアニメーションがなくなる会議終了後のキル回数,0回,UnderWarperNoVentAnimeKillCout,0
覚醒後、壁越しでベントを使えるか,オン,UnderWarperWallHackVent,1
覚醒後、ベントが使用できる範囲,2.75,UnderWarperRange,8
スポーンレート,0％,MagicianSpawnRate,0
スポーン数,1,MagicianRoleNum,0
アサインウェイト,500,MagicianAssignWeight,499
別の視界設定を持つか,オフ,MagicianHasOtherVision,0
ビジョン,2x,MagicianVision,7
視界効果を受けるか,オフ,MagicianApplyEnvironmentVisionEffect,0
別のキルクールタイムを持つか,オフ,MagicianHasOtherKillCool,0
キルクールタイム,30秒,MagicianKillCoolDown,58
別のキルレンジを持つか,オフ,MagicianHasOtherKillRange,0
キルレンジ,ショート,MagicianKillRange,0
「ジャグリング」のクールタイム,30秒,MagicianAbilityCoolTime,59
「ジャグリング」の使用回数,1回,MagicianAbilityCount,0
「ジャグリング」の対象になる生存者の割合,100％,MagicianTeleportTargetRate,9
「ジャグリング」のテレポート先が重複するか,オン,MagicianDupeTeleportTargetTo,1
「ジャグリング」のテレポート先にスポーン位置を含むか,オフ,MagicianIncludeSpawnPoint,0
「ジャグリング」の対象に役職の人本人が含まれるか,オフ,MagicianIncludeRolePlayer,0
スポーンレート,0％,SlimeSpawnRate,0
スポーン数,1,SlimeRoleNum,0
アサインウェイト,500,SlimeAssignWeight,499
別の視界設定を持つか,オフ,SlimeHasOtherVision,0
ビジョン,2x,SlimeVision,7
視界効果を受けるか,オフ,SlimeApplyEnvironmentVisionEffect,0
別のキルクールタイムを持つか,オフ,SlimeHasOtherKillCool,0
キルクールタイム,30秒,SlimeKillCoolDown,58
別のキルレンジを持つか,オフ,SlimeHasOtherKillRange,0
キルレンジ,ショート,SlimeKillRange,0
「モーフ」のクールタイム,30秒,SlimeAbilityCoolTime,59
「モーフ」の変身できる時間,30秒,SlimeAbilityActiveTime,59
スポーンレート,0％,ZombieSpawnRate,0
スポーン数,1,ZombieRoleNum,0
アサインウェイト,500,ZombieAssignWeight,499
別の視界設定を持つか,オフ,ZombieHasOtherVision,0
ビジョン,2x,ZombieVision,7
視界効果を受けるか,オフ,ZombieApplyEnvironmentVisionEffect,0
別のキルクールタイムを持つか,オフ,ZombieHasOtherKillCool,0
キルクールタイム,30秒,ZombieKillCoolDown,58
別のキルレンジを持つか,オフ,ZombieHasOtherKillRange,0
キルレンジ,ショート,ZombieKillRange,0
ゾンビに覚醒するキル回数,1回,ZombieAwakeKillCount,1
「魔法陣」のクールタイム,30秒,ZombieAbilityCoolTime,59
「魔法陣」の設置にかかる時間,3秒,ZombieAbilityActiveTime,5
「復活可能状態」になる「魔法陣」の設置個数(条件：1),1回,ZombieAbilityCount,0
「復活可能状態」になるまでのキル回数(条件：2),2回,ZombieResurrectKillCount,2
「魔法陣」が設置後表示されるまでの秒数,10秒,ZombieShowMagicCircleTime,20
「復活可能状態」時に死亡してから復活するまでのタイムラグ,5秒,ZombieResurrectDelayTime,10
追放でも復活することが可能か,オフ,ZombieCanResurrectOnExil,0
スポーンレート,0％,ThiefSpawnRate,0
スポーン数,1,ThiefRoleNum,0
アサインウェイト,500,ThiefAssignWeight,499
別の視界設定を持つか,オフ,ThiefHasOtherVision,0
ビジョン,2x,ThiefVision,7
視界効果を受けるか,オフ,ThiefApplyEnvironmentVisionEffect,0
別のキルクールタイムを持つか,オフ,ThiefHasOtherKillCool,0
キルクールタイム,30秒,ThiefKillCoolDown,58
別のキルレンジを持つか,オフ,ThiefHasOtherKillRange,0
キルレンジ,ショート,ThiefKillRange,0
「スティール」のクールタイム,30秒,ThiefAbilityCoolTime,59
「スティール」が完了するまでの時間,2秒,ThiefAbilityActiveTime,3
「スティール」の使用回数,2回,ThiefAbilityCount,1
「スティール」が発動できる範囲,1.8,ThiefRange,0
「スティール」の発動によって減少する会議時間,30秒,ThiefSetTimeOffset,4
「スティール」の発動によって設置される「刻のかけら」の数,5,ThiefSetNum,4
「刻のかけら」を拾ったときに増加する会議時間,6秒,ThiefPickUpTimeOffset,5
「スティール」の発動で死体にエフェクトを追加するか,オン,ThiefIsAddEffect,1
スポーンレート,100％,CrewshroomSpawnRate,10
スポーン数,1,CrewshroomRoleNum,0
アサインウェイト,500,CrewshroomAssignWeight,499
別の視界設定を持つか,オフ,CrewshroomHasOtherVision,0
ビジョン,2x,CrewshroomVision,7
視界効果を受けるか,オフ,CrewshroomApplyEnvironmentVisionEffect,0
別のキルクールタイムを持つか,オフ,CrewshroomHasOtherKillCool,0
キルクールタイム,30秒,CrewshroomKillCoolDown,58
別のキルレンジを持つか,オフ,CrewshroomHasOtherKillRange,0
キルレンジ,ショート,CrewshroomKillRange,0
「キノコ設置」のクールタイム,30秒,CrewshroomAbilityCoolTime,59
「キノコ設置」が出来る回数,3回,CrewshroomAbilityCount,2
胞子が出るようになるまでの時間,5秒,CrewshroomDelaySecond,9
スポーンレート,0％,TeroristSpawnRate,0
スポーン数,1,TeroristRoleNum,0
アサインウェイト,500,TeroristAssignWeight,499
別の視界設定を持つか,オフ,TeroristHasOtherVision,0
ビジョン,2x,TeroristVision,7
視界効果を受けるか,オフ,TeroristApplyEnvironmentVisionEffect,0
別のキルクールタイムを持つか,オフ,TeroristHasOtherKillCool,0
キルクールタイム,30秒,TeroristKillCoolDown,58
別のキルレンジを持つか,オフ,TeroristHasOtherKillRange,0
キルレンジ,ショート,TeroristKillRange,0
「爆破予告」のクールタイム,30秒,TeroristAbilityCoolTime,59
「爆破予告」の使用回数,5回,TeroristAbilityCount,4
「爆破予告」を他のサボタージュと併用出来るか,オフ,TeroristCanActiveOtherSabotage,0
「爆破予告」から爆発するまでの時間,45秒,TeroristExplosionTime,35
「爆破予告」で設置される爆弾の数,3,TeroristBombNum,2
生存者の爆弾の解除にかかる時間,3秒,TeroristPlayerActivateTime,11
死亡している人が爆弾を解除できるか,オフ,TeroristCanUseDeadPlayer,0
死亡している人の爆弾の解除にかかる時間,10秒,TeroristDeadPlayerActivateTime,7
スポーンレート,0％,RaiderSpawnRate,0
スポーン数,1,RaiderRoleNum,0
アサインウェイト,500,RaiderAssignWeight,499
別の視界設定を持つか,オフ,RaiderHasOtherVision,0
ビジョン,2x,RaiderVision,7
視界効果を受けるか,オフ,RaiderApplyEnvironmentVisionEffect,0
別のキルクールタイムを持つか,オフ,RaiderHasOtherKillCool,0
キルクールタイム,30秒,RaiderKillCoolDown,58
別のキルレンジを持つか,オフ,RaiderHasOtherKillRange,0
キルレンジ,ショート,RaiderKillRange,0
「爆撃モード」のクールタイム,30秒,RaiderAbilityCoolTime,59
「爆撃」の回数,2回,RaiderAbilityCount,1
「爆撃モード」の表示可能秒数,25秒,RaiderAbilityActiveTime,23
「爆撃モード」の表示上限,オン,RaiderIsOpenLimit,1
「爆撃モード」の表示回数,4,RaiderLimitNum,3
「爆撃モード」中にプレイヤーを隠すか,オン,RaiderIsHidePlayerOnOpen,1
「爆撃」の種類,単体,RaiderBombType,0
投下数,5,RaiderBombNum,3
爆撃範囲,1.7,RaiderBombTargetRange,16
爆弾1つあたりの爆発範囲,1.7,RaiderBombRange,16
爆弾1つあたりの落下時間,5,RaiderBombAliveTime,45
爆弾投下位置がインポスター以外に見えるか,オン,RaiderBombShowOtherPlayer,1
スポーンレート,0％,GlitchSpawnRate,0
スポーン数,1,GlitchRoleNum,0
アサインウェイト,500,GlitchAssignWeight,499
別の視界設定を持つか,オフ,GlitchHasOtherVision,0
ビジョン,2x,GlitchVision,7
視界効果を受けるか,オフ,GlitchApplyEnvironmentVisionEffect,0
別のキルクールタイムを持つか,オフ,GlitchHasOtherKillCool,0
キルクールタイム,30秒,GlitchKillCoolDown,58
別のキルレンジを持つか,オフ,GlitchHasOtherKillRange,0
キルレンジ,ショート,GlitchKillRange,0
「グリッチ」のクールタイム,30秒,GlitchAbilityCoolTime,59
「グリッチ」の使用回数,2回,GlitchAbilityCount,1
「グリッチ」が発動できる範囲,1.5,GlitchRange,14
インポスターが「グリッチ」の影響を受けるか,オフ,GlitchEffectOnImpo,0
「グリッチ」を使用してから発動するまでのラグ,5秒,GlitchDelay,10
「グリッチ」の発動時間,10秒,GlitchActiveTime,9
スポーンレート,0％,HijackerSpawnRate,0
スポーン数,1,HijackerRoleNum,0
アサインウェイト,500,HijackerAssignWeight,499
別の視界設定を持つか,オフ,HijackerHasOtherVision,0
ビジョン,2x,HijackerVision,7
視界効果を受けるか,オフ,HijackerApplyEnvironmentVisionEffect,0
別のキルクールタイムを持つか,オフ,HijackerHasOtherKillCool,0
キルクールタイム,30秒,HijackerKillCoolDown,58
別のキルレンジを持つか,オフ,HijackerHasOtherKillRange,0
キルレンジ,ショート,HijackerKillRange,0
「ハイジャック」のクールタイム,30秒,HijackerAbilityCoolTime,59
「ハイジャック」の持続時間,10秒,HijackerAbilityActiveTime,19
「ハイジャック」の使用回数,3回,HijackerAbilityCount,2
「ハイジャック」のターゲットプレイヤーがランダムか,オン,HijackerIsRandomPlayer,1
スポーンレート,0％,TimeBreakerSpawnRate,0
スポーン数,1,TimeBreakerRoleNum,0
アサインウェイト,500,TimeBreakerAssignWeight,499
別の視界設定を持つか,オフ,TimeBreakerHasOtherVision,0
ビジョン,2x,TimeBreakerVision,7
視界効果を受けるか,オフ,TimeBreakerApplyEnvironmentVisionEffect,0
別のキルクールタイムを持つか,オフ,TimeBreakerHasOtherKillCool,0
キルクールタイム,30秒,TimeBreakerKillCoolDown,58
別のキルレンジを持つか,オフ,TimeBreakerHasOtherKillRange,0
キルレンジ,ショート,TimeBreakerKillRange,0
「タイムブレイク」のクールタイム,30秒,TimeBreakerAbilityCoolTime,59
「タイムブレイク」の使用回数,2回,TimeBreakerAbilityCount,1
「タイムブレイク」の発動時間,10秒,TimeBreakerActiveTime,18
インポスターが「タイムブレイク」の影響を受けるか,オン,TimeBreakerEffectImp,1
「タイムブレイク」発動中のエフェクト,オン,TimeBreakerIsActiveScreen,1
スポーンレート,0％,AliceSpawnRate,0
スポーン数,1,AliceRoleNum,0
アサインウェイト,500,AliceAssignWeight,499
別の視界設定を持つか,オフ,AliceHasOtherVision,0
ビジョン,2x,AliceVision,7
視界効果を受けるか,オフ,AliceApplyEnvironmentVisionEffect,0
別のキルクールタイムを持つか,オフ,AliceHasOtherKillCool,0
キルクールタイム,30秒,AliceKillCoolDown,58
別のキルレンジを持つか,オフ,AliceHasOtherKillRange,0
キルレンジ,ショート,AliceKillRange,0
サボタージュを使えるか,オン,AliceCanUseSabotage,1
「破壊工作」のクールタイム,30秒,AliceAbilityCoolTime,59
「破壊工作」の回数,2回,AliceAbilityCount,1
「破壊工作」によって巻き戻るロングタスクの数,1,AliceRevartLongTaskNum,1
「破壊工作」によって巻き戻るショートタスクの数,1,AliceRevartCommonTaskNum,1
「破壊工作」によって巻き戻る通常タスクの数,1,AliceRevartNormalTaskNum,1
スポーンレート,100％,JackalSpawnRate,10
スポーン数,1,JackalRoleNum,0
アサインウェイト,500,JackalAssignWeight,499
別の視界設定を持つか,オン,JackalHasOtherVision,1
ビジョン,2x,JackalVision,7
視界効果を受けるか,オフ,JackalApplyEnvironmentVisionEffect,0
別のキルクールタイムを持つか,オフ,JackalHasOtherKillCool,0
キルクールタイム,30秒,JackalKillCoolDown,58
別のキルレンジを持つか,オフ,JackalHasOtherKillRange,0
キルレンジ,ショート,JackalKillRange,0
サイドキック作成能力のクールタイム,15秒,JackalAbilityCoolTime,29
サイドキック作成数,1回,JackalAbilityCount,0
サイドキック作成能力の範囲,ミドル,JackalRangeSidekickTarget,1
ラバーズをサイドキックに出来るか,オフ,JackalCanLoverSidekick,0
ラバーズを置き換えてサイドキックにするか,オン,JackalForceReplaceLover,1
ジャッカル死亡時、昇格するサイドキック数,1,JackalUpgradeSidekickNum,0
昇格したジャッカルがサイドキックを作成できるか,オフ,JackalSidekickJackalCanMakeSidekick,0
昇格したジャッカルがサイドキックを作成できる再帰上限数,1,JackalSidekickLimitNum,0
インポスターをサイドキックにできるか,オン,JackalCanSetImpostorToSidekick,1
サイドキックされたインポスターの表示をインポスターにするか,オフ,JackalCanSeeImpostorToSidekickImpostor,0
サイドキックがサボタージュを使えるか,オフ,SidekickUseSabotage,0
サイドキックがベントを使えるか,オン,SidekickUseVent,1
サイドキックがキルできるか,オフ,SidekickCanKill,0
サイドキックが別のキルクールを持つか,オフ,SidekickHasOtherKillCool,0
サイドキックのキルクールタイム,30秒,SidekickKillCoolDown,58
サイドキックが別のキルレンジを持つか,オフ,SidekickHasOtherKillRange,0
サイドキックのキルレンジ,ショート,SidekickKillRange,0
サイドキックが別の視界設定を持つか,オン,SidekickHasOtherVision,1
サイドキックの視界,2x,SidekickVision,7
サイドキックが視界効果を受けるか,オフ,SidekickApplyEnvironmentVisionEffect,0
スポーンレート,0％,TaskMasterSpawnRate,0
スポーン数,1,TaskMasterRoleNum,0
アサインウェイト,500,TaskMasterAssignWeight,499
別の視界設定を持つか,オフ,TaskMasterHasOtherVision,0
ビジョン,2x,TaskMasterVision,7
視界効果を受けるか,オフ,TaskMasterApplyEnvironmentVisionEffect,0
サボタージュを使えるか,オン,TaskMasterCanUseSabotage,1
追加のショートタスク数,1,TaskMasterAddCommonTaskNum,1
追加のロングタスク数,1,TaskMasterAddLongTaskNum,1
追加の通常タスク数,1,TaskMasterAddNormalTaskNum,1
スポーンレート,0％,MissionarySpawnRate,0
スポーン数,1,MissionaryRoleNum,0
アサインウェイト,500,MissionaryAssignWeight,499
別の視界設定を持つか,オフ,MissionaryHasOtherVision,0
ビジョン,2x,MissionaryVision,7
視界効果を受けるか,オフ,MissionaryApplyEnvironmentVisionEffect,0
宣教後の自決が分かるかどうか,オン,MissionaryTellDeparture,1
宣教後自決する時間の最小時間,10秒,MissionaryDepartureMinTime,18
宣教後自決する時間の最大時間,30秒,MissionaryDepartureMaxTime,30
「宣教」できる範囲,1.2,MissionaryPropagateRange,12
「宣教」のクールタイム,30秒,MissionaryAbilityCoolTime,59
能力「神の宣告」を有効化するか,オフ,MissionaryIsUseSolemnJudgment,0
能力「神の宣告」が出来るプレイヤー数の上限,3,MissionaryMaxJudgementNum,2
スポーンレート,0％,JesterSpawnRate,0
スポーン数,1,JesterRoleNum,0
アサインウェイト,500,JesterAssignWeight,499
別の視界設定を持つか,オフ,JesterHasOtherVision,0
ビジョン,2x,JesterVision,7
視界効果を受けるか,オフ,JesterApplyEnvironmentVisionEffect,0
「暴発」を発動できる距離,1,JesterOutburstDistance,10
サボタージュを使えるか,オン,JesterUseSabotage,1
「暴発」のクールタイム,30秒,JesterAbilityCoolTime,59
「暴発」後キルが発生するまでの時間,2秒,JesterAbilityActiveTime,3
「暴発」の使用上限,5回,JesterAbilityCount,4
スポーンレート,100％,YandereSpawnRate,10
スポーン数,1,YandereRoleNum,0
アサインウェイト,500,YandereAssignWeight,499
別の視界設定を持つか,オフ,YandereHasOtherVision,0
ビジョン,2x,YandereVision,7
視界効果を受けるか,オフ,YandereApplyEnvironmentVisionEffect,0
「邪魔者」を殺した時のキルクール減少率,90％,YandereTargetKilledKillCoolReduceRate,65
「邪魔者」以外を殺したときのキルクールペナルティ,1.1x,YandereNoneTargetKilledKillCoolMultiplier,1
ゲーム開始から「邪魔者」が登録されない時間,10秒,YandereBlockTargetTime,19
「邪魔者」が登録される「片思いの人」からの距離,1.8,YandereSetTargetRange,13
「邪魔者」が登録される時間,3秒,YandereSetTargetTime,29
「邪魔者」の登録数上限,5,YandereMaxTargetNum,4
「邪魔者」が無くなってから「暴走」するまでの時間,25秒,YandereRunawayTime,0
「片思いの人」を指す矢印を表示するか,オン,YandereHasOneSidedArrow,1
「邪魔者」を指す矢印を表示するか,オン,YandereHasTargetArrow,1
スポーンレート,0％,YokoSpawnRate,0
スポーン数,1,YokoRoleNum,0
アサインウェイト,500,YokoAssignWeight,499
別の視界設定を持つか,オフ,YokoHasOtherVision,0
ビジョン,2x,YokoVision,7
視界効果を受けるか,オフ,YokoApplyEnvironmentVisionEffect,0
サボタージュを修理できるか,オフ,YokoCanRepairSabo,0
ベントを使用できるか,オフ,YokoCanUseVent,0
「気配察知」の範囲,7.5,YokoSearchRange,5
「気配察知」の発動間隔,10秒,YokoSearchTime,14
「気配察知」が正しい情報を教える確率,50％,YokoTrueInfoRate,5
「社」に関する能力の有効化,オフ,YokoUseYashiro,0
「社の設置」のクールタイム,30秒,YokoAbilityCoolTime,59
「社の設置」にかかる時間,5秒,YokoAbilityActiveTime,9
「社の設置」を行える回数,3回,YokoAbilityCount,2
「社」の”活性化”状態の持続時間,30秒,YokoYashiroActiveTime,29
「社」の”封印”状態の持続時間,10秒,YokoYashiroSeelTime,9
「社の保護」の範囲,5,YokoYashiroProtectRange,40
「社」の状態が会議中にも変化するか,オン,YokoYashiroUpdateWithMeeting,1
スポーンレート,0％,TotocalcioSpawnRate,0
スポーン数,1,TotocalcioRoleNum,0
アサインウェイト,500,TotocalcioAssignWeight,499
別の視界設定を持つか,オフ,TotocalcioHasOtherVision,0
ビジョン,2x,TotocalcioVision,7
視界効果を受けるか,オフ,TotocalcioApplyEnvironmentVisionEffect,0
「賭ける」が発動できる距離,1,TotocalcioRange,10
「賭ける」の初期クールタイム,30秒,TotocalcioAbilityCoolTime,59
「賭ける」の発動可能回数,3回,TotocalcioAbilityCount,2
「賭ける」の最終クールタイム,80秒,TotocalcioFinalCoolTime,350
スポーンレート,0％,MinerSpawnRate,0
スポーン数,1,MinerRoleNum,0
アサインウェイト,500,MinerAssignWeight,499
別の視界設定を持つか,オフ,MinerHasOtherVision,0
ビジョン,2x,MinerVision,7
視界効果を受けるか,オフ,MinerApplyEnvironmentVisionEffect,0
ベントが新しくリンクされるか,オフ,MinerLinkingAllVent,0
「地雷設置」のクールタイム,30秒,MinerAbilityCoolTime,59
「地雷設置」後「地雷」が有効になるまでの時間,2秒,MinerAbilityActiveTime,3
「地雷」の検知範囲,1.8,MinerMineKillRange,13
「地雷」を見ることが出来るか,オフ,MinerCanShowMine,0
役職の人の「地雷」の見え方,音のみ,MinerRolePlayerShowMode,0
役職以外の人の「地雷」の見え方,非表示,MinerAnotherPlayerShowMode,0
役職以外の人が非活性時でも見ることが出来るか,オフ,MinerCanShowNoneActiveAnotherPlayer,0
ゲーム開始及び会議終了後「地雷」が有効になるまでの時間,20秒,MinerNoneActiveTime,38
役職の人に「地雷」によるキルログを表示するか,オン,MinerShowKillLog,1
スポーンレート,0％,EaterSpawnRate,0
スポーン数,1,EaterRoleNum,0
アサインウェイト,500,EaterAssignWeight,499
別の視界設定を持つか,オフ,EaterHasOtherVision,0
ビジョン,2x,EaterVision,7
視界効果を受けるか,オフ,EaterApplyEnvironmentVisionEffect,0
ベントを使用できるか,オン,EaterCanUseVent,1
「喰らう」と「丸呑み」のクールタイム,30秒,EaterAbilityCoolTime,59
「丸呑み」にかかる時間,7.5秒,EaterAbilityActiveTime,14
イーターが勝利するまでの「喰らう」と「丸呑み」の回数,5回,EaterAbilityCount,4
「喰らう」と「丸呑み」が発動できる距離,1,EaterEatRange,10
「喰らう」による「「丸呑み」にかかる時間」の増加率,10％,EaterDeadBodyEatActiveCoolTimePenalty,10
「丸呑み」によるクールタイムの増加率,10％,EaterKillEatCoolTimePenalty,10
能力が使用できなかった会議後の「「丸呑み」にかかる時間」の減少率,10％,EaterKillEatActiveCoolTimeReduceRate,10
クールタイムを会議開始時にリセットするか,オフ,EaterIsResetCoolTimeWhenMeeting,0
死体までの矢印を表示するか,オン,EaterIsShowArrowForDeadBody,1
スポーンレート,100％,QueenSpawnRate,10
スポーン数,1,QueenRoleNum,0
アサインウェイト,500,QueenAssignWeight,499
別の視界設定を持つか,オン,QueenHasOtherVision,1
ビジョン,2x,QueenVision,7
視界効果を受けるか,オフ,QueenApplyEnvironmentVisionEffect,0
別のキルクールタイムを持つか,オフ,QueenHasOtherKillCool,0
キルクールタイム,30秒,QueenKillCoolDown,58
別のキルレンジを持つか,オフ,QueenHasOtherKillRange,0
キルレンジ,ショート,QueenKillRange,0
ベントを使用できるか,オフ,QueenCanUseVent,0
「魅惑」のクールタイム,15秒,QueenAbilityCoolTime,29
「魅惑」の発動可能回数,1回,QueenAbilityCount,0
「魅惑」の発動可能距離,1,QueenRange,5
サーヴァントのキルによるクイーンのキルクール減少率,50％,QueenServantKillKillCoolReduceRate,50
サーヴァントの1タスク完了によるクイーンのキルクール減少率,80％,QueenServantTaskKillCoolReduceRate,80
サーヴァントの全タスク完了によるクイーンのキルクール永続減少率,30％,QueenServantTaskCompKillCoolReduceRate,30
サーヴァントの「自決」のクールタイム,30秒,QueenServantSelfKillCool,59
キル能力を持つサーヴァントがクイーンの死亡後に自決をするか,オフ,QueenServantSucideWithQueenWhenHasKill,0
スポーンレート,0％,MadmateSpawnRate,0
スポーン数,1,MadmateRoleNum,0
アサインウェイト,500,MadmateAssignWeight,499
別の視界設定を持つか,オフ,MadmateHasOtherVision,0
ビジョン,2x,MadmateVision,7
視界効果を受けるか,オフ,MadmateApplyEnvironmentVisionEffect,0
マッドメイトを生存者にカウントしないか,オフ,MadmateIsDontCountAliveCrew,0
サボタージュを修理できるか,オフ,MadmateCanFixSabotage,0
ベントを使用できるか,オフ,MadmateCanUseVent,0
ベント同士で移動できるか,オフ,MadmateCanMoveVentToVent,0
タスクに関するオプションを有効化するか,オフ,MadmateHasTask,0
マッドメイトがインポスターを認識できるタスク完了率,70％,MadmateSeeImpostorTaskGage,7
インポスターがマッドメイトを認識できるか,オフ,MadmateCanSeeFromImpostor,0
インポスターがマッドメイトを認識できるタスク完了率,70％,MadmateCanSeeFromImpostorTaskGage,7
「自決」のクールタイム,30秒,MadmateAbilityCoolTime,59
スポーンレート,0％,UmbrerSpawnRate,0
スポーン数,1,UmbrerRoleNum,0
アサインウェイト,500,UmbrerAssignWeight,499
別の視界設定を持つか,オフ,UmbrerHasOtherVision,0
ビジョン,2x,UmbrerVision,7
視界効果を受けるか,オフ,UmbrerApplyEnvironmentVisionEffect,0
「ウイルス注入」と「ウイルス強化」が発動できる範囲,1,UmbrerRange,9
「ウイルス注入」と「ウイルス強化」のクールタイム,30秒,UmbrerAbilityCoolTime,59
「ウイルス注入」にかかる時間,3秒,UmbrerAbilityActiveTime,5
「ウイルス強化」にかかる時間,3.5秒,UmbrerUpgradeVirusTime,30
「ウイルス強化」中の感染範囲,1.4,UmbrerInfectRange,13
「ウイルス強化」が持続する時間,10秒,UmbrerKeepUpgradedVirus,15
スポーンレート,0％,HatterSpawnRate,0
スポーン数,1,HatterRoleNum,0
アサインウェイト,500,HatterAssignWeight,499
別の視界設定を持つか,オフ,HatterHasOtherVision,0
ビジョン,2x,HatterVision,7
視界効果を受けるか,オフ,HatterApplyEnvironmentVisionEffect,0
サボタージュを修理できるか,オフ,HatterCanRepairSabotage,0
勝利出来る会議スキップ回数,3,HatterWinCount,2
「時間殺し」のクールタイム,30秒,HatterAbilityCoolTime,59
「時間殺し」の使用回数,3回,HatterAbilityCount,3
「時間殺し」で会議の時間タイマーを非表示にするか,オン,HatterHideMeetingTimer,1
「時間殺し」で減少する会議の時間の最小率,0％,HatterMeetingTimerDecreaseLower,0
「時間殺し」で減少する会議の時間の最大率,20％,HatterMeetingTimerDecreaseUpper,4
「時間殺し」が増加するタスク進捗率,50％,HatterIncreaseTaskGage,5
増加する能力の使用回数,3,HatterIncreseNum,2
スポーンレート,0％,ArtistSpawnRate,0
スポーン数,1,ArtistRoleNum,0
アサインウェイト,500,ArtistAssignWeight,499
別の視界設定を持つか,オフ,ArtistHasOtherVision,0
ビジョン,2x,ArtistVision,7
視界効果を受けるか,オフ,ArtistApplyEnvironmentVisionEffect,0
ベントを使用できるか,オフ,ArtistCanUseVent,0
勝利できる塗り面積,15,ArtistWinAreaSize,14
「塗り」のクールタイム,30秒,ArtistAbilityCoolTime,59
「塗り」が解除できるようになるまでの時間,3秒,ArtistAbilityActiveTime,5
スポーンレート,0％,TuckerSpawnRate,0
スポーン数,1,TuckerRoleNum,0
アサインウェイト,500,TuckerAssignWeight,499
別の視界設定を持つか,オフ,TuckerHasOtherVision,0
ビジョン,2x,TuckerVision,7
視界効果を受けるか,オフ,TuckerApplyEnvironmentVisionEffect,0
「キメラ錬成」と「影消し」のクールタイム,30秒,TuckerAbilityCoolTime,59
「キメラ錬成」の使用回数,1回,TuckerAbilityCount,0
「キメラ錬成」と「影消し」が発動できる範囲,0.7,TuckerRange,6
「影」が設置される秒数,15秒,TuckerShadowTimer,145
「影」の設置位置のズレ幅,0.5,TuckerShadowOffset,5
「影消し」にかかる時間,3秒,TuckerRemoveShadowTime,29
「影消し」によってキメラのキルクールが減少するか,オン,TuckerIsKillCoolReduceOnRemove,1
キルクールの減少量,2.5秒,TuckerKillCoolReduceOnRemoveShadow,24
初期設定キルクールタイムより減少するか,オフ,TuckerIsReduceInitKillCoolOnRemove,0
キメラが別の視界設定を持つか,オフ,TuckerChimeraHasOtherVision,0
キメラの視界,2x,TuckerChimeraVision,7
キメラが視界効果を受けるか,オフ,TuckerChimeraApplyEnvironmentVisionEffect,0
キメラが別のキルクール設定を持つか,オフ,TuckerHasOtherKillCool,0
キメラのキルクール,30秒,TuckerKillCoolDown,58
キメラが別のキルレンジ設定を持つか,オフ,TuckerHasOtherKillRange,0
キメラのキルレンジ,ショート,TuckerKillRange,0
キメラがベントを使えるか,オフ,TuckerChimeraCanUseVent,0
キメラの復活にかかる時間,5秒,TuckerChimeraReviveTime,10
キメラが復活する毎のキルクール増減量,2.5秒,TuckerChimeraDeathKillCoolOffset,325
タッカー死亡時、キメラも死亡するか,オフ,TuckerTuckerDeathWithChimera,0
タッカー死亡時のキメラのキルクール増減量,2.5秒,TuckerTuckerDeathKillCoolOffset,325
スポーンレート,0％,IronMateSpawnRate,0
スポーン数,1,IronMateRoleNum,0
アサインウェイト,500,IronMateAssignWeight,499
別の視界設定を持つか,オフ,IronMateHasOtherVision,0
ビジョン,2x,IronMateVision,7
視界効果を受けるか,オフ,IronMateApplyEnvironmentVisionEffect,0
キルをブロックできる回数,1,IronMateBlockNum,1
ブロック後移動速度が変化する秒数,10秒,IronMateSlowTime,20
ブロック後の移動速度倍率,0.7x,IronMateSlowMod,6
死体の上にプレイヤーが表示される秒数,10秒,IronMatePlayerShowTime,100
プレイヤーが表示された後死体が表示される秒数,10秒,IronMateDeadBodyShowTimeOnAfterPlayer,100
スポーンレート,0％,MonikaSpawnRate,0
スポーン数,1,MonikaRoleNum,0
アサインウェイト,500,MonikaAssignWeight,499
別の視界設定を持つか,オフ,MonikaHasOtherVision,0
ビジョン,2x,MonikaVision,7
視界効果を受けるか,オフ,MonikaApplyEnvironmentVisionEffect,0
単独として生き残ってもゲームが続行するか,オン,MonikaIsSoloTeam,1
ベントを使用できるか,オフ,MonikaCanUseVent,0
サボタージュを使用できるか,オフ,MonikaCanUseSabotage,0
「モニカ」が緊急会議を発生させた時誰かのボタンを消費するか,オン,MonikaUseOtherButton,1
「抹消」のクールタイム,30秒,MonikaAbilityCoolTime,59
「抹消」が発動できる範囲,1.3,MonikaRange,12
「モニカ」がゴミ箱のプレイヤーを見ることができるか,オフ,MonikaCanSeeTrash,0
スポーンレート,0％,AvalonsRolesSpawnRate,0
スポーン数,1,AvalonsRolesRoleNum,0
別役職の能力を持つか,オフ,AvalonsRolesIsMultiAssign,0
アサインウェイト,500,AvalonsRolesAssignWeight,499
アサシンが別の視界設定を持つか,オフ,AssassinHasOtherVision,0
アサシンのビジョン,2x,AssassinVision,7
アサシンが視界効果を受けるか,オフ,AssassinApplyEnvironmentVisionEffect,0
アサシンが別のキルクールタイムを持つか,オフ,AssassinHasOtherKillCool,0
アサシンのキルクールタイム,30秒,AssassinKillCoolDown,58
アサシンが別のキルレンジを持つか,オフ,AssassinHasOtherKillRange,0
アサシンのキルレンジ,ショート,AssassinKillRange,0
アサシンがタスクを持つか,オフ,AssassinHasTask,0
アサシンがキルされるか,オフ,AssassinCanKilled,0
キル能力を持つクルー役職がアサシンをキルできるか,オフ,AssassinCanKilledFromCrew,0
キル能力を持つ第三陣営がアサシンをキルできるか,オフ,AssassinCanKilledFromNeutral,0
アサシン死亡時、強制的に会議を行うか,オン,AssassinIsDeadForceMeeting,1
アサシン死亡後の最初の会議前にロールを見ることができるか,オフ,AssassinCanSeeRoleBeforeFirstMeeting,0
アサシンが投票を見ることができるか,オン,AssassinCanSeeVote,1
マーリンが別の視界設定を持つか,オン,MarlinHasOtherVision,1
マーリンのビジョン,2x,MarlinVision,7
マーリンが視界効果を受けるか,オン,MarlinApplyEnvironmentVisionEffect,1
マーリンがタスクを持つか,オフ,MarlinHasTask,0
マーリンがアサシンを見ることができるか,オン,MarlinCanSeeAssassin,1
マーリンが投票を見ることができるか,オン,MarlinCanSeeVote,1
マーリンが第三陣営を見ることができるか,オフ,MarlinCanSeeNeutral,0
マーリンがベントを使えるか,オフ,MarlinCanUseVent,0
スポーンレート,0％,HeroAcaSpawnRate,0
スポーン数,1,HeroAcaRoleNum,0
別役職の能力を持つか,オフ,HeroAcaIsMultiAssign,0
アサインウェイト,500,HeroAcaAssignWeight,499
ヒーローが別の視界設定を持つか,オフ,HeroHasOtherVision,0
ヒーローのビジョン,2x,HeroVision,7
ヒーローが視界効果を受けるか,オン,HeroApplyEnvironmentVisionEffect,1
ヒーロー「サーチ」のクールタイム,30秒,HeroAbilityCoolTime,59
ヒーロー「サーチ」の発動時間,5秒,HeroAbilityActiveTime,9
ヒーロー「One for All」の第二段階発動のプレイヤー死亡率,33％,HeroFeatKillPercentage,13
ヒーロー「One for All」の第三段階発動のプレイヤー死亡率,66％,HeroFeatButtonAbilityPercentage,16
ヴィランが別の視界設定を持つか,オフ,VillainHasOtherVision,0
ヴィランのビジョン,2x,VillainVision,7
ヴィランが視界効果を受けるか,オフ,VillainApplyEnvironmentVisionEffect,0
ヴィランが別のキルクールタイムを持つか,オフ,VillainHasOtherKillCool,0
ヴィランのキルクールタイム,30秒,VillainKillCoolDown,58
ヴィランが別のキルレンジを持つか,オフ,VillainHasOtherKillRange,0
ヴィランのキルレンジ,ショート,VillainKillRange,0
ヴィラン「サーチ」のクールタイム,30秒,VillainAbilityCoolTime,59
ヴィラン「サーチ」の発動時間,5秒,VillainAbilityActiveTime,9
ヴィジランテが能力発動時ヴィランがその人の位置を認知できる時間,2.5秒,VillainVigilanteSeeTime,3
ヴィジランテが別の視界設定を持つか,オフ,VigilanteHasOtherVision,0
ヴィジランテのビジョン,2x,VigilanteVision,7
ヴィジランテが視界効果を受けるか,オフ,VigilanteApplyEnvironmentVisionEffect,0
ヴィジランテ「エマージェンシーコール」のクールタイム,30秒,VigilanteAbilityCoolTime,59
ヴィジランテ「エマージェンシーコール」の発動時間,5秒,VigilanteAbilityActiveTime,9
ヴィジランテ「エマージェンシーコール」の発動可能回数,2回,VigilanteAbilityCount,1
ヴィジランテ「エマージェンシーコール」の発動可能範囲,3,VigilanteRange,18
スポーンレート,0％,DetectiveOfficeSpawnRate,0
スポーン数,1,DetectiveOfficeRoleNum,0
別役職の能力を持つか,オフ,DetectiveOfficeIsMultiAssign,0
アサインウェイト,500,DetectiveOfficeAssignWeight,499
探偵が別の視界設定を持つか,オフ,DetectiveHasOtherVision,0
探偵のビジョン,2x,DetectiveVision,7
探偵が視界効果を受けるか,オン,DetectiveApplyEnvironmentVisionEffect,1
探偵が「犯行現場」を調べれる距離,1,DetectiveSearchRange,5
探偵が「犯行現場」の1調査にかかる時間,6秒,DetectiveSearchTime,30
探偵が助手のサポートを受けた「犯行現場」の1調査にかかる時間,4秒,DetectiveSearchAssistantTime,20
調査結果の画面表示時間,60秒,DetectiveTextShowTime,550
助手が別の視界設定を持つか,オフ,AssistantHasOtherVision,0
助手のビジョン,2x,AssistantVision,7
助手が視界効果を受けるか,オン,AssistantApplyEnvironmentVisionEffect,1
見習い探偵が別の視界設定を持つか,オフ,DetectiveApprenticeHasOtherVision,0
見習い探偵のビジョン,2x,DetectiveApprenticeVision,7
見習い探偵が視界効果を受けるか,オフ,DetectiveApprenticeApplyEnvironmentVisionEffect,0
見習い探偵「緊急招集」のクールタイム,30秒,DetectiveApprenticeAbilityCoolTime,59
見習い探偵「緊急招集」によって緊急会議ボタンを押せる時間,3秒,DetectiveApprenticeAbilityActiveTime,5
見習い探偵「緊急招集」の使用回数,1回,DetectiveApprenticeAbilityCount,0
見習い探偵「緊急招集」によって緊急会議ボタンを消費しないか,オフ,DetectiveApprenticeHasOtherButton,0
消費されない回数,1回,DetectiveApprenticeHasOtherButtonNum,0
スポーンレート,0％,KidsSpawnRate,0
スポーン数,1,KidsRoleNum,0
別役職の能力を持つか,オフ,KidsIsMultiAssign,0
アサインウェイト,500,KidsAssignWeight,499
別の視界設定を持つか,オフ,DelinquentHasOtherVision,0
ビジョン,2x,DelinquentVision,7
視界効果を受けるか,オフ,DelinquentApplyEnvironmentVisionEffect,0
「ラクガキ」と「自爆」のクールタイム,30秒,DelinquentAbilityCoolTime,59
「自爆」が使用できるようになる「落書き」の回数,7回,DelinquentAbilityCount,6
「自爆」の爆発範囲,3.6,DelinquentRange,26
「灯火」の勝利に必要な人数のオフセット値,0,WispWinNum,5
「灯火」のデフォルト使用回数,1,WispTorchAbilityNum,1
「灯火」の設置個数,1,WispTorchNum,0
「灯火」を取得できる範囲,1.6,WispTorchRange,6
「灯火」が消えるまでの時間,10秒,WispTorchActiveTime,50
「灯火停電」の発動時間,10秒,WispBlackOutTime,75
「灯火」のクールタイム,60秒,WispAbilityCoolTime,110
「灯火」の能力発動を報告するか,オン,WispIsReportAbility,1
スポーンレート,0％,LoverSpawnRate,0
スポーン数,1,LoverRoleNum,0
1組あたりのアサイン数,2,LoverAssignsNum,0
別役職の能力を持つか,オフ,LoverIsMultiAssign,0
アサインウェイト,500,LoverAssignWeight,499
インポスターがアサインされるか,オフ,LoverIsAssignImposter,0
インポスターのアサインレート,0％,LoverImposterSelectedRate,0
別の視界設定を持つか,オフ,LoverHasOtherVision,0
ビジョン,2x,LoverVision,7
視界効果を受けるか,オン,LoverApplyEnvironmentVisionEffect,1
第三陣営かどうか,オフ,LoverIsNeutral,0
第三陣営に変わるかどうか,オフ,LoverBecomNeutral,0
自殺が行われる1組辺り人数,1,LoverDethWhenUnderAlive,0
別のキルクールタイムを持つか,オフ,LoverHasOtherKillCool,0
キルクールタイム,30秒,LoverKillCoolDown,58
別のキルレンジを持つか,オフ,LoverHasOtherKillRange,0
キルレンジ,ショート,LoverKillRange,0
第三陣営に変化後、別の視界設定を持つか,オフ,LoverBecomeNeutralLoverHasOtherVision,0
第三陣営に変化後のビジョン,2x,LoverBecomeNeutralLoverVision,7
第三陣営に変化後、視界効果を受けるか,オフ,LoverBecomeNeutralLoverApplyEnvironmentVisionEffect,0
第三陣営に変化後、ベントを使用できるか,オフ,LoverBecomeNeutralLoverCanUseVent,0
スポーンレート,0％,BuddySpawnRate,0
スポーン数,1,BuddyRoleNum,0
1組あたりのアサイン数,2,BuddyAssignsNum,0
別役職の能力を持つか,オフ,BuddyIsMultiAssign,0
アサインウェイト,500,BuddyAssignWeight,499
別の視界設定を持つか,オフ,BuddyHasOtherVision,0
ビジョン,2x,BuddyVision,7
視界効果を受けるか,オン,BuddyApplyEnvironmentVisionEffect,1
「バディーズ」に覚醒するタスク進捗率,50％,BuddyAwakeTaskGage,5
スポーンレート,0％,SharerSpawnRate,0
スポーン数,1,SharerRoleNum,0
1組あたりのアサイン数,2,SharerAssignsNum,0
別役職の能力を持つか,オフ,SharerIsMultiAssign,0
アサインウェイト,500,SharerAssignWeight,499
別の視界設定を持つか,オフ,SharerHasOtherVision,0
ビジョン,2x,SharerVision,7
視界効果を受けるか,オフ,SharerApplyEnvironmentVisionEffect,0
別のキルクールタイムを持つか,オフ,SharerHasOtherKillCool,0
キルクールタイム,30秒,SharerKillCoolDown,58
別のキルレンジを持つか,オフ,SharerHasOtherKillRange,0
キルレンジ,ショート,SharerKillRange,0
別の「シェアーズ」のキルを教えるか,オン,SharerSharerTellKill,1
スポーンレート,0％,SupporterSpawnRate,0
スポーン数,1,SupporterRoleNum,0
1組あたりのアサイン数,1,SupporterAssignsNum,0
別役職の能力を持つか,オフ,SupporterIsMultiAssign,0
アサインウェイト,500,SupporterAssignWeight,499
インポスターがアサインされるか,オフ,SupporterIsAssignImposter,0
インポスターのアサインレート,0％,SupporterImposterSelectedRate,0
別の視界設定を持つか,オフ,SupporterHasOtherVision,0
ビジョン,2x,SupporterVision,7
視界効果を受けるか,オン,SupporterApplyEnvironmentVisionEffect,1
別のキルクールタイムを持つか,オフ,SupporterHasOtherKillCool,0
キルクールタイム,30秒,SupporterKillCoolDown,58
別のキルレンジを持つか,オフ,SupporterHasOtherKillRange,0
キルレンジ,ショート,SupporterKillRange,0
スポーンレート,100％,GuesserSpawnRate,10
スポーン数,1,GuesserRoleNum,0
1組あたりのアサイン数,1,GuesserAssignsNum,0
別役職の能力を持つか,オフ,GuesserIsMultiAssign,0
アサインウェイト,510,GuesserAssignWeight,509
インポスターがアサインされるか,オン,GuesserIsAssignImposter,1
インポスターのアサインレート,100％,GuesserImposterSelectedRate,10
別の視界設定を持つか,オフ,GuesserHasOtherVision,0
ビジョン,2x,GuesserVision,7
視界効果を受けるか,オン,GuesserApplyEnvironmentVisionEffect,1
別のキルクールタイムを持つか,オフ,GuesserHasOtherKillCool,0
キルクールタイム,30秒,GuesserKillCoolDown,58
別のキルレンジを持つか,オフ,GuesserHasOtherKillRange,0
キルレンジ,ショート,GuesserKillRange,0
会議を起こすことが出来るが,オフ,GuesserCanCallMeeting,0
「推殺」が出来る回数,1回,GuesserGuessNum,0
1会議で「推殺」出来る回数,1回,GuesserMaxGuessNumWhenMeeting,0
役職なしを「推殺」出来るか,オフ,GuesserCanGuessNoneRole,0
役職なしの「推殺」,ナイスとイビルゲッサー両方可,GuesserGuessNoneRoleMode,0
スポーンレート,0％,MoverSpawnRate,0
スポーン数,1,MoverRoleNum,0
1組あたりのアサイン数,1,MoverAssignsNum,0
別役職の能力を持つか,オフ,MoverIsMultiAssign,0
アサインウェイト,500,MoverAssignWeight,499
インポスターがアサインされるか,オフ,MoverIsAssignImposter,0
インポスターのアサインレート,0％,MoverImposterSelectedRate,0
別の視界設定を持つか,オフ,MoverHasOtherVision,0
ビジョン,2x,MoverVision,7
視界効果を受けるか,オン,MoverApplyEnvironmentVisionEffect,1
別のキルクールタイムを持つか,オフ,MoverHasOtherKillCool,0
キルクールタイム,30秒,MoverKillCoolDown,58
別のキルレンジを持つか,オフ,MoverHasOtherKillRange,0
キルレンジ,ショート,MoverKillRange,0
「ムーブ」のクールタイム,30秒,MoverAbilityCoolTime,59
「ムーブ」で物が動かせる時間,30秒,MoverAbilityActiveTime,59
「ムーブ」が使用できる回数,3回,MoverAbilityCount,2
スポーンレート,0％,AcceleratorSpawnRate,0
スポーン数,1,AcceleratorRoleNum,0
1組あたりのアサイン数,1,AcceleratorAssignsNum,0
別役職の能力を持つか,オフ,AcceleratorIsMultiAssign,0
アサインウェイト,500,AcceleratorAssignWeight,499
インポスターがアサインされるか,オフ,AcceleratorIsAssignImposter,0
インポスターのアサインレート,0％,AcceleratorImposterSelectedRate,0
別の視界設定を持つか,オフ,AcceleratorHasOtherVision,0
ビジョン,2x,AcceleratorVision,7
視界効果を受けるか,オン,AcceleratorApplyEnvironmentVisionEffect,1
別のキルクールタイムを持つか,オフ,AcceleratorHasOtherKillCool,0
キルクールタイム,30秒,AcceleratorKillCoolDown,58
別のキルレンジを持つか,オフ,AcceleratorHasOtherKillRange,0
キルレンジ,ショート,AcceleratorKillRange,0
「加速パネル設置」のクールタイム,30秒,AcceleratorAbilityCoolTime,59
「加速パネル」が設置できる時間,30秒,AcceleratorAbilityActiveTime,59
「加速パネル」の設置個数,3回,AcceleratorAbilityCount,2
「加速パネル」の加速度,1,AcceleratorSpeed,9
「加速パネル」が他の人も使えるか,オン,AcceleratorUseOtherPlayer,1
スポーンレート,0％,SkaterSpawnRate,0
スポーン数,1,SkaterRoleNum,0
1組あたりのアサイン数,1,SkaterAssignsNum,0
別役職の能力を持つか,オフ,SkaterIsMultiAssign,0
アサインウェイト,500,SkaterAssignWeight,499
インポスターがアサインされるか,オフ,SkaterIsAssignImposter,0
インポスターのアサインレート,0％,SkaterImposterSelectedRate,0
別の視界設定を持つか,オフ,SkaterHasOtherVision,0
ビジョン,2x,SkaterVision,7
視界効果を受けるか,オン,SkaterApplyEnvironmentVisionEffect,1
別のキルクールタイムを持つか,オフ,SkaterHasOtherKillCool,0
キルクールタイム,30秒,SkaterKillCoolDown,58
別のキルレンジを持つか,オフ,SkaterHasOtherKillRange,0
キルレンジ,ショート,SkaterKillRange,0
「スケート」のクールタイム,30秒,SkaterAbilityCoolTime,59
「スケート」が解除できるまでの時間,5秒,SkaterAbilityActiveTime,9
「スケート」の使用回数,3回,SkaterAbilityCount,2
「スケート」中の加速度,1.25,SkaterAcceleration,24
「スケート」中の最大速度,10,SkaterMaxSpeed,5
「スケート」中の摩擦係数,0.25,SkaterFriction,125
「スケート」中の壁衝突によるバウンド,オン,SkaterUseE,1
「スケート」中の衝突係数,0.9,SkaterEValue,90
「スケート」中、使用ボタン等が使用できる最大速度,2,SkaterCanUseSpeed,20
スポーンレート,0％,TraitorSpawnRate,0
スポーン数,1,TraitorRoleNum,0
1組あたりのアサイン数,1,TraitorAssignsNum,0
別役職の能力を持つか,オン,TraitorIsMultiAssign,1
アサインウェイト,500,TraitorAssignWeight,499
別の視界設定を持つか,オフ,TraitorHasOtherVision,0
ビジョン,2x,TraitorVision,7
視界効果を受けるか,オン,TraitorApplyEnvironmentVisionEffect,1
別のキルクールタイムを持つか,オフ,TraitorHasOtherKillCool,0
キルクールタイム,30秒,TraitorKillCoolDown,58
別のキルレンジを持つか,オフ,TraitorHasOtherKillRange,0
キルレンジ,ショート,TraitorKillRange,0
「クラッキング」のクールタイム,30秒,TraitorAbilityCoolTime,59
「クラッキング」の発動可能時間,5秒,TraitorAbilityActiveTime,9
スポーンレート,0％,PoltergeistSpawnRate,0
スポーン数,1,PoltergeistRoleNum,0
アサインウェイト,500,PoltergeistAssignWeight,499
死体を検知できる範囲,1,PoltergeistRange,8
「騒霊」のクールタイム,60秒,PoltergeistAbilityCoolTime,110
「騒霊」によって死体が運べる時間,3秒,PoltergeistAbilityActiveTime,5
「騒霊」の能力発動を報告するか,オン,PoltergeistIsReportAbility,1
「騒霊」の発動可能回数,1回,PoltergeistAbilityCount,0
スポーンレート,0％,FaunusSpawnRate,0
スポーン数,1,FaunusRoleNum,0
アサインウェイト,500,FaunusAssignWeight,499
「恵み」のクールタイム,60秒,FaunusAbilityCoolTime,110
「恵み」によってサボタージュの修理画面が開ける時間,3秒,FaunusAbilityActiveTime,5
「恵み」の能力発動を報告するか,オン,FaunusIsReportAbility,1
「恵み」が発動できる回数,1回,FaunusAbilityCount,0
スポーンレート,0％,ShutterSpawnRate,0
スポーン数,1,ShutterRoleNum,0
アサインウェイト,500,ShutterAssignWeight,499
「心霊撮影」のクールタイム,60秒,ShutterAbilityCoolTime,110
「心霊撮影」の能力発動を報告するか,オン,ShutterIsReportAbility,1
「心霊撮影」が使用できる回数,3回,ShutterAbilityCount,2
「心霊撮影」の範囲,7.5,ShutterPhotoRange,14
「心霊撮影」で名前がぼやけない確率,50％,ShutterRightPlayerNameRate,5
スポーンレート,0％,VentgeistSpawnRate,0
スポーン数,1,VentgeistRoleNum,0
アサインウェイト,500,VentgeistAssignWeight,499
ベントを検知できる範囲,1,VentgeistRange,8
「ベント開閉」のクールタイム,60秒,VentgeistAbilityCoolTime,110
「ベント開閉」の能力発動を報告するか,オン,VentgeistIsReportAbility,1
「ベント開閉」の使用回数,2回,VentgeistAbilityCount,1
スポーンレート,0％,SaboEvilSpawnRate,0
スポーン数,1,SaboEvilRoleNum,0
アサインウェイト,500,SaboEvilAssignWeight,499
「サボリッシュ」のクールタイム,60秒,SaboEvilAbilityCoolTime,110
「サボリッシュ」の能力発動を報告するか,オン,SaboEvilIsReportAbility,1
「サボリッシュ」の発動可能回数,3回,SaboEvilAbilityCount,2
スポーンレート,0％,IgniterSpawnRate,0
スポーン数,1,IgniterRoleNum,0
アサインウェイト,500,IgniterAssignWeight,499
「幽霊停電」のクールタイム,60秒,IgniterAbilityCoolTime,110
「幽霊停電」の発動時間,15秒,IgniterAbilityActiveTime,29
「幽霊停電」の能力発動を報告するか,オン,IgniterIsReportAbility,1
「幽霊停電」の発動可能回数,3回,IgniterAbilityCount,2
インポスターが「幽霊停電」の影響を受けるか,オフ,IgniterIsEffectImpostor,0
ニュートラルが「幽霊停電」の影響を受けるか,オフ,IgniterIsEffectNeutral,0
スポーンレート,0％,DoppelgangerSpawnRate,0
スポーン数,1,DoppelgangerRoleNum,0
アサインウェイト,500,DoppelgangerAssignWeight,499
「ドッペル」のクールタイム,60秒,DoppelgangerAbilityCoolTime,110
「ドッペル」によってダミーが表示できる時間,5秒,DoppelgangerAbilityActiveTime,9
「ドッペル」の能力発動を報告するか,オン,DoppelgangerIsReportAbility,1
「ドッペル」の使用回数,2回,DoppelgangerAbilityCount,1
スポーンレート,0％,ForasSpawnRate,0
スポーン数,1,ForasRoleNum,0
アサインウェイト,500,ForasAssignWeight,499
「リーク」のクールタイム,60秒,ForasAbilityCoolTime,110
「リーク」で表示される矢印の表示秒数,25秒,ForasAbilityActiveTime,49
「リーク」の能力発動を報告するか,オン,ForasIsReportAbility,1
「リーク」が発動できる回数,3回,ForasAbilityCount,2
「リーク」が発動できる範囲,1,ForasRange,9
「リーク」で矢印が表示されるまでの遅延秒数,3秒,ForasDelayTime,6
「リーク」で目標以外のプレイヤーが選択される確率,10％,ForasMissingTargetRate,2
,
BytedRoleAssignModel,PFJvbGVGaWx0ZXJEYXRhIHhtbG5zPSJodHRwOi8vc2NoZW1hcy5kYXRhY29udHJhY3Qub3JnLzIwMDQvMDcvRXh0cmVtZVJvbGVzLk1vZHVsZS5Sb2xlQXNzaWduLk1vZGVsIiB4bWxuczppPSJodHRwOi8vd3d3LnczLm9yZy8yMDAxL1hNTFNjaGVtYS1pbnN0YW5jZSI+PEFzc2lnbk51bT4xPC9Bc3NpZ25OdW0+PEZpbHRlckNvbWJpbmF0aW9uSWQgeG1sbnM6YT0iaHR0cDovL3NjaGVtYXMubWljcm9zb2Z0LmNvbS8yMDAzLzEwL1NlcmlhbGl6YXRpb24vQXJyYXlzIi8+PEZpbHRlckdob3N0Um9sZSB4bWxuczphPSJodHRwOi8vc2NoZW1hcy5taWNyb3NvZnQuY29tLzIwMDMvMTAvU2VyaWFsaXphdGlvbi9BcnJheXMiLz48RmlsdGVyTm9ybWFsSWQgeG1sbnM6YT0iaHR0cDovL3NjaGVtYXMubWljcm9zb2Z0LmNvbS8yMDAzLzEwL1NlcmlhbGl6YXRpb24vQXJyYXlzIj48YTpLZXlWYWx1ZU9maW50RXh0cmVtZVJvbGVJZDBXR0hKWjV4PjxhOktleT42MjwvYTpLZXk+PGE6VmFsdWU+WWFuZGVyZTwvYTpWYWx1ZT48L2E6S2V5VmFsdWVPZmludEV4dHJlbWVSb2xlSWQwV0dISlo1eD48YTpLZXlWYWx1ZU9maW50RXh0cmVtZVJvbGVJZDBXR0hKWjV4PjxhOktleT41ODwvYTpLZXk+PGE6VmFsdWU+SmFja2FsPC9hOlZhbHVlPjwvYTpLZXlWYWx1ZU9maW50RXh0cmVtZVJvbGVJZDBXR0hKWjV4PjxhOktleVZhbHVlT2ZpbnRFeHRyZW1lUm9sZUlkMFdHSEpaNXg+PGE6S2V5PjY3PC9hOktleT48YTpWYWx1ZT5RdWVlbjwvYTpWYWx1ZT48L2E6S2V5VmFsdWVPZmludEV4dHJlbWVSb2xlSWQwV0dISlo1eD48L0ZpbHRlck5vcm1hbElkPjwvUm9sZUZpbHRlckRhdGE+|PFJvbGVGaWx0ZXJEYXRhIHhtbG5zPSJodHRwOi8vc2NoZW1hcy5kYXRhY29udHJhY3Qub3JnLzIwMDQvMDcvRXh0cmVtZVJvbGVzLk1vZHVsZS5Sb2xlQXNzaWduLk1vZGVsIiB4bWxuczppPSJodHRwOi8vd3d3LnczLm9yZy8yMDAxL1hNTFNjaGVtYS1pbnN0YW5jZSI+PEFzc2lnbk51bT4xPC9Bc3NpZ25OdW0+PEZpbHRlckNvbWJpbmF0aW9uSWQgeG1sbnM6YT0iaHR0cDovL3NjaGVtYXMubWljcm9zb2Z0LmNvbS8yMDAzLzEwL1NlcmlhbGl6YXRpb24vQXJyYXlzIi8+PEZpbHRlckdob3N0Um9sZSB4bWxuczphPSJodHRwOi8vc2NoZW1hcy5taWNyb3NvZnQuY29tLzIwMDMvMTAvU2VyaWFsaXphdGlvbi9BcnJheXMiLz48RmlsdGVyTm9ybWFsSWQgeG1sbnM6YT0iaHR0cDovL3NjaGVtYXMubWljcm9zb2Z0LmNvbS8yMDAzLzEwL1NlcmlhbGl6YXRpb24vQXJyYXlzIj48YTpLZXlWYWx1ZU9maW50RXh0cmVtZVJvbGVJZDBXR0hKWjV4PjxhOktleT4zPC9hOktleT48YTpWYWx1ZT5OZWV0PC9hOlZhbHVlPjwvYTpLZXlWYWx1ZU9maW50RXh0cmVtZVJvbGVJZDBXR0hKWjV4PjxhOktleVZhbHVlT2ZpbnRFeHRyZW1lUm9sZUlkMFdHSEpaNXg+PGE6S2V5PjEyPC9hOktleT48YTpWYWx1ZT5GZW5jZXI8L2E6VmFsdWU+PC9hOktleVZhbHVlT2ZpbnRFeHRyZW1lUm9sZUlkMFdHSEpaNXg+PGE6S2V5VmFsdWVPZmludEV4dHJlbWVSb2xlSWQwV0dISlo1eD48YTpLZXk+ODwvYTpLZXk+PGE6VmFsdWU+VGltZU1hc3RlcjwvYTpWYWx1ZT48L2E6S2V5VmFsdWVPZmludEV4dHJlbWVSb2xlSWQwV0dISlo1eD48L0ZpbHRlck5vcm1hbElkPjwvUm9sZUZpbHRlckRhdGE+|PFJvbGVGaWx0ZXJEYXRhIHhtbG5zPSJodHRwOi8vc2NoZW1hcy5kYXRhY29udHJhY3Qub3JnLzIwMDQvMDcvRXh0cmVtZVJvbGVzLk1vZHVsZS5Sb2xlQXNzaWduLk1vZGVsIiB4bWxuczppPSJodHRwOi8vd3d3LnczLm9yZy8yMDAxL1hNTFNjaGVtYS1pbnN0YW5jZSI+PEFzc2lnbk51bT4xPC9Bc3NpZ25OdW0+PEZpbHRlckNvbWJpbmF0aW9uSWQgeG1sbnM6YT0iaHR0cDovL3NjaGVtYXMubWljcm9zb2Z0LmNvbS8yMDAzLzEwL1NlcmlhbGl6YXRpb24vQXJyYXlzIi8+PEZpbHRlckdob3N0Um9sZSB4bWxuczphPSJodHRwOi8vc2NoZW1hcy5taWNyb3NvZnQuY29tLzIwMDMvMTAvU2VyaWFsaXphdGlvbi9BcnJheXMiLz48RmlsdGVyTm9ybWFsSWQgeG1sbnM6YT0iaHR0cDovL3NjaGVtYXMubWljcm9zb2Z0LmNvbS8yMDAzLzEwL1NlcmlhbGl6YXRpb24vQXJyYXlzIj48YTpLZXlWYWx1ZU9maW50RXh0cmVtZVJvbGVJZDBXR0hKWjV4PjxhOktleT4zNDwvYTpLZXk+PGE6VmFsdWU+T3ZlckxvYWRlcjwvYTpWYWx1ZT48L2E6S2V5VmFsdWVPZmludEV4dHJlbWVSb2xlSWQwV0dISlo1eD48YTpLZXlWYWx1ZU9maW50RXh0cmVtZVJvbGVJZDBXR0hKWjV4PjxhOktleT4zNjwvYTpLZXk+PGE6VmFsdWU+Qm9tYmVyPC9hOlZhbHVlPjwvYTpLZXlWYWx1ZU9maW50RXh0cmVtZVJvbGVJZDBXR0hKWjV4PjxhOktleVZhbHVlT2ZpbnRFeHRyZW1lUm9sZUlkMFdHSEpaNXg+PGE6S2V5PjM1PC9hOktleT48YTpWYWx1ZT5DcmFja2VyPC9hOlZhbHVlPjwvYTpLZXlWYWx1ZU9maW50RXh0cmVtZVJvbGVJZDBXR0hKWjV4PjwvRmlsdGVyTm9ybWFsSWQ+PC9Sb2xlRmlsdGVyRGF0YT4=
,
BytedVanillaOptions,Normal,9
BytedVanillaOptions,Normal,116
BytedVanillaOptions,Normal,0
BytedVanillaOptions,Normal,0
BytedVanillaOptions,Normal,1
BytedVanillaOptions,Normal,0
BytedVanillaOptions,Normal,100
BytedVanillaOptions,Normal,10
BytedVanillaOptions,Normal,0
BytedVanillaOptions,Normal,1
BytedVanillaOptions,Normal,0
BytedVanillaOptions,Normal,0
BytedVanillaOptions,Normal,4
BytedVanillaOptions,Normal,0
BytedVanillaOptions,Normal,0
BytedVanillaOptions,Normal,64
BytedVanillaOptions,Normal,63
BytedVanillaOptions,Normal,0
BytedVanillaOptions,Normal,0
BytedVanillaOptions,Normal,64
BytedVanillaOptions,Normal,63
BytedVanillaOptions,Normal,0
BytedVanillaOptions,Normal,0
BytedVanillaOptions,Normal,192
BytedVanillaOptions,Normal,63
BytedVanillaOptions,Normal,0
BytedVanillaOptions,Normal,0
BytedVanillaOptions,Normal,200
BytedVanillaOptions,Normal,65
BytedVanillaOptions,Normal,3
BytedVanillaOptions,Normal,1
BytedVanillaOptions,Normal,2
BytedVanillaOptions,Normal,1
BytedVanillaOptions,Normal,0
BytedVanillaOptions,Normal,0
BytedVanillaOptions,Normal,0
BytedVanillaOptions,Normal,3
BytedVanillaOptions,Normal,1
BytedVanillaOptions,Normal,0
BytedVanillaOptions,Normal,0
BytedVanillaOptions,Normal,0
BytedVanillaOptions,Normal,0
BytedVanillaOptions,Normal,120
BytedVanillaOptions,Normal,0
BytedVanillaOptions,Normal,0
BytedVanillaOptions,Normal,0
BytedVanillaOptions,Normal,0
BytedVanillaOptions,Normal,0
BytedVanillaOptions,Normal,0
BytedVanillaOptions,Normal,0
BytedVanillaOptions,Normal,0
BytedVanillaOptions,Normal,1
BytedVanillaOptions,Normal,0
BytedVanillaOptions,Normal,7
BytedVanillaOptions,Normal,5
BytedVanillaOptions,Normal,0
BytedVanillaOptions,Normal,0
BytedVanillaOptions,Normal,0
BytedVanillaOptions,Normal,3
BytedVanillaOptions,Normal,0
BytedVanillaOptions,Normal,0
BytedVanillaOptions,Normal,0
BytedVanillaOptions,Normal,10
BytedVanillaOptions,Normal,8
BytedVanillaOptions,Normal,2
BytedVanillaOptions,Normal,0
BytedVanillaOptions,Normal,0
BytedVanillaOptions,Normal,0
BytedVanillaOptions,Normal,2
BytedVanillaOptions,Normal,0
BytedVanillaOptions,Normal,0
BytedVanillaOptions,Normal,15
BytedVanillaOptions,Normal,5
BytedVanillaOptions,Normal,4
BytedVanillaOptions,Normal,0
BytedVanillaOptions,Normal,0
BytedVanillaOptions,Normal,0
BytedVanillaOptions,Normal,3
BytedVanillaOptions,Normal,0
BytedVanillaOptions,Normal,0
BytedVanillaOptions,Normal,60
BytedVanillaOptions,Normal,10
BytedVanillaOptions,Normal,0
BytedVanillaOptions,Normal,3
BytedVanillaOptions,Normal,0
BytedVanillaOptions,Normal,1
BytedVanillaOptions,Normal,100
BytedVanillaOptions,Normal,2
BytedVanillaOptions,Normal,0
BytedVanillaOptions,Normal,0
BytedVanillaOptions,Normal,30
BytedVanillaOptions,Normal,15
BytedVanillaOptions,Normal,8
BytedVanillaOptions,Normal,0
BytedVanillaOptions,Normal,1
BytedVanillaOptions,Normal,50
BytedVanillaOptions,Normal,2
BytedVanillaOptions,Normal,0
BytedVanillaOptions,Normal,0
BytedVanillaOptions,Normal,10
BytedVanillaOptions,Normal,1
BytedVanillaOptions,Normal,9
BytedVanillaOptions,Normal,0
BytedVanillaOptions,Normal,0
BytedVanillaOptions,Normal,0
BytedVanillaOptions,Normal,2
BytedVanillaOptions,Normal,0
BytedVanillaOptions,Normal,0
BytedVanillaOptions,Normal,15
BytedVanillaOptions,Normal,30
BytedVanillaOptions,Normal,10
BytedVanillaOptions,Normal,0
BytedVanillaOptions,Normal,0
BytedVanillaOptions,Normal,0
BytedVanillaOptions,Normal,3
BytedVanillaOptions,Normal,0
BytedVanillaOptions,Normal,0
BytedVanillaOptions,Normal,15
BytedVanillaOptions,Normal,30
BytedVanillaOptions,Normal,1
BytedVanillaOptions,HideNSeek,9
BytedVanillaOptions,HideNSeek,66
BytedVanillaOptions,HideNSeek,0
BytedVanillaOptions,HideNSeek,0
BytedVanillaOptions,HideNSeek,2
BytedVanillaOptions,HideNSeek,0
BytedVanillaOptions,HideNSeek,0
BytedVanillaOptions,HideNSeek,15
BytedVanillaOptions,HideNSeek,0
BytedVanillaOptions,HideNSeek,1
BytedVanillaOptions,HideNSeek,0
BytedVanillaOptions,HideNSeek,0
BytedVanillaOptions,HideNSeek,0
BytedVanillaOptions,HideNSeek,0
BytedVanillaOptions,HideNSeek,0
BytedVanillaOptions,HideNSeek,128
BytedVanillaOptions,HideNSeek,63
BytedVanillaOptions,HideNSeek,0
BytedVanillaOptions,HideNSeek,0
BytedVanillaOptions,HideNSeek,128
BytedVanillaOptions,HideNSeek,63
BytedVanillaOptions,HideNSeek,0
BytedVanillaOptions,HideNSeek,0
BytedVanillaOptions,HideNSeek,192
BytedVanillaOptions,HideNSeek,63
BytedVanillaOptions,HideNSeek,1
BytedVanillaOptions,HideNSeek,1
BytedVanillaOptions,HideNSeek,2
BytedVanillaOptions,HideNSeek,1
BytedVanillaOptions,HideNSeek,1
BytedVanillaOptions,HideNSeek,0
BytedVanillaOptions,HideNSeek,0
BytedVanillaOptions,HideNSeek,0
BytedVanillaOptions,HideNSeek,0
BytedVanillaOptions,HideNSeek,0
BytedVanillaOptions,HideNSeek,72
BytedVanillaOptions,HideNSeek,67
BytedVanillaOptions,HideNSeek,51
BytedVanillaOptions,HideNSeek,51
BytedVanillaOptions,HideNSeek,179
BytedVanillaOptions,HideNSeek,62
BytedVanillaOptions,HideNSeek,0
BytedVanillaOptions,HideNSeek,0
BytedVanillaOptions,HideNSeek,128
BytedVanillaOptions,HideNSeek,62
BytedVanillaOptions,HideNSeek,1
BytedVanillaOptions,HideNSeek,1
BytedVanillaOptions,HideNSeek,0
BytedVanillaOptions,HideNSeek,0
BytedVanillaOptions,HideNSeek,72
BytedVanillaOptions,HideNSeek,66
BytedVanillaOptions,HideNSeek,154
BytedVanillaOptions,HideNSeek,153
BytedVanillaOptions,HideNSeek,153
BytedVanillaOptions,HideNSeek,63
BytedVanillaOptions,HideNSeek,1
BytedVanillaOptions,HideNSeek,0
BytedVanillaOptions,HideNSeek,255
BytedVanillaOptions,HideNSeek,255
BytedVanillaOptions,HideNSeek,255
BytedVanillaOptions,HideNSeek,255
BytedVanillaOptions,HideNSeek,0
BytedVanillaOptions,HideNSeek,0
BytedVanillaOptions,HideNSeek,192
BytedVanillaOptions,HideNSeek,64
BytedVanillaOptions,HideNSeek,0
BytedVanillaOptions,HideNSeek,0
BytedVanillaOptions,HideNSeek,64
BytedVanillaOptions,HideNSeek,64
BytedVanillaOptions,HideNSeek,0
BytedVanillaOptions,NormalFools,9
BytedVanillaOptions,NormalFools,116
BytedVanillaOptions,NormalFools,0
BytedVanillaOptions,NormalFools,0
BytedVanillaOptions,NormalFools,1
BytedVanillaOptions,NormalFools,0
BytedVanillaOptions,NormalFools,100
BytedVanillaOptions,NormalFools,10
BytedVanillaOptions,NormalFools,0
BytedVanillaOptions,NormalFools,1
BytedVanillaOptions,NormalFools,0
BytedVanillaOptions,NormalFools,0
BytedVanillaOptions,NormalFools,4
BytedVanillaOptions,NormalFools,0
BytedVanillaOptions,NormalFools,0
BytedVanillaOptions,NormalFools,64
BytedVanillaOptions,NormalFools,63
BytedVanillaOptions,NormalFools,0
BytedVanillaOptions,NormalFools,0
BytedVanillaOptions,NormalFools,64
BytedVanillaOptions,NormalFools,63
BytedVanillaOptions,NormalFools,0
BytedVanillaOptions,NormalFools,0
BytedVanillaOptions,NormalFools,192
BytedVanillaOptions,NormalFools,63
BytedVanillaOptions,NormalFools,0
BytedVanillaOptions,NormalFools,0
BytedVanillaOptions,NormalFools,200
BytedVanillaOptions,NormalFools,65
BytedVanillaOptions,NormalFools,3
BytedVanillaOptions,NormalFools,1
BytedVanillaOptions,NormalFools,2
BytedVanillaOptions,NormalFools,1
BytedVanillaOptions,NormalFools,0
BytedVanillaOptions,NormalFools,0
BytedVanillaOptions,NormalFools,0
BytedVanillaOptions,NormalFools,3
BytedVanillaOptions,NormalFools,1
BytedVanillaOptions,NormalFools,0
BytedVanillaOptions,NormalFools,0
BytedVanillaOptions,NormalFools,0
BytedVanillaOptions,NormalFools,0
BytedVanillaOptions,NormalFools,120
BytedVanillaOptions,NormalFools,0
BytedVanillaOptions,NormalFools,0
BytedVanillaOptions,NormalFools,0
BytedVanillaOptions,NormalFools,0
BytedVanillaOptions,NormalFools,0
BytedVanillaOptions,NormalFools,0
BytedVanillaOptions,NormalFools,0
BytedVanillaOptions,NormalFools,0
BytedVanillaOptions,NormalFools,1
BytedVanillaOptions,NormalFools,0
BytedVanillaOptions,NormalFools,7
BytedVanillaOptions,NormalFools,5
BytedVanillaOptions,NormalFools,0
BytedVanillaOptions,NormalFools,0
BytedVanillaOptions,NormalFools,0
BytedVanillaOptions,NormalFools,3
BytedVanillaOptions,NormalFools,0
BytedVanillaOptions,NormalFools,0
BytedVanillaOptions,NormalFools,0
BytedVanillaOptions,NormalFools,10
BytedVanillaOptions,NormalFools,8
BytedVanillaOptions,NormalFools,2
BytedVanillaOptions,NormalFools,0
BytedVanillaOptions,NormalFools,0
BytedVanillaOptions,NormalFools,0
BytedVanillaOptions,NormalFools,2
BytedVanillaOptions,NormalFools,0
BytedVanillaOptions,NormalFools,0
BytedVanillaOptions,NormalFools,15
BytedVanillaOptions,NormalFools,5
BytedVanillaOptions,NormalFools,4
BytedVanillaOptions,NormalFools,0
BytedVanillaOptions,NormalFools,0
BytedVanillaOptions,NormalFools,0
BytedVanillaOptions,NormalFools,3
BytedVanillaOptions,NormalFools,0
BytedVanillaOptions,NormalFools,0
BytedVanillaOptions,NormalFools,60
BytedVanillaOptions,NormalFools,10
BytedVanillaOptions,NormalFools,0
BytedVanillaOptions,NormalFools,3
BytedVanillaOptions,NormalFools,0
BytedVanillaOptions,NormalFools,1
BytedVanillaOptions,NormalFools,100
BytedVanillaOptions,NormalFools,2
BytedVanillaOptions,NormalFools,0
BytedVanillaOptions,NormalFools,0
BytedVanillaOptions,NormalFools,30
BytedVanillaOptions,NormalFools,15
BytedVanillaOptions,NormalFools,8
BytedVanillaOptions,NormalFools,0
BytedVanillaOptions,NormalFools,1
BytedVanillaOptions,NormalFools,50
BytedVanillaOptions,NormalFools,2
BytedVanillaOptions,NormalFools,0
BytedVanillaOptions,NormalFools,0
BytedVanillaOptions,NormalFools,10
BytedVanillaOptions,NormalFools,1
BytedVanillaOptions,NormalFools,9
BytedVanillaOptions,NormalFools,0
BytedVanillaOptions,NormalFools,0
BytedVanillaOptions,NormalFools,0
BytedVanillaOptions,NormalFools,2
BytedVanillaOptions,NormalFools,0
BytedVanillaOptions,NormalFools,0
BytedVanillaOptions,NormalFools,15
BytedVanillaOptions,NormalFools,30
BytedVanillaOptions,NormalFools,10
BytedVanillaOptions,NormalFools,0
BytedVanillaOptions,NormalFools,0
BytedVanillaOptions,NormalFools,0
BytedVanillaOptions,NormalFools,3
BytedVanillaOptions,NormalFools,0
BytedVanillaOptions,NormalFools,0
BytedVanillaOptions,NormalFools,15
BytedVanillaOptions,NormalFools,30
BytedVanillaOptions,NormalFools,1
BytedVanillaOptions,SeekFools,9
BytedVanillaOptions,SeekFools,66
BytedVanillaOptions,SeekFools,0
BytedVanillaOptions,SeekFools,0
BytedVanillaOptions,SeekFools,2
BytedVanillaOptions,SeekFools,0
BytedVanillaOptions,SeekFools,0
BytedVanillaOptions,SeekFools,15
BytedVanillaOptions,SeekFools,0
BytedVanillaOptions,SeekFools,1
BytedVanillaOptions,SeekFools,0
BytedVanillaOptions,SeekFools,0
BytedVanillaOptions,SeekFools,0
BytedVanillaOptions,SeekFools,0
BytedVanillaOptions,SeekFools,0
BytedVanillaOptions,SeekFools,128
BytedVanillaOptions,SeekFools,63
BytedVanillaOptions,SeekFools,0
BytedVanillaOptions,SeekFools,0
BytedVanillaOptions,SeekFools,128
BytedVanillaOptions,SeekFools,63
BytedVanillaOptions,SeekFools,0
BytedVanillaOptions,SeekFools,0
BytedVanillaOptions,SeekFools,192
BytedVanillaOptions,SeekFools,63
BytedVanillaOptions,SeekFools,1
BytedVanillaOptions,SeekFools,1
BytedVanillaOptions,SeekFools,2
BytedVanillaOptions,SeekFools,1
BytedVanillaOptions,SeekFools,1
BytedVanillaOptions,SeekFools,0
BytedVanillaOptions,SeekFools,0
BytedVanillaOptions,SeekFools,0
BytedVanillaOptions,SeekFools,0
BytedVanillaOptions,SeekFools,0
BytedVanillaOptions,SeekFools,72
BytedVanillaOptions,SeekFools,67
BytedVanillaOptions,SeekFools,51
BytedVanillaOptions,SeekFools,51
BytedVanillaOptions,SeekFools,179
BytedVanillaOptions,SeekFools,62
BytedVanillaOptions,SeekFools,0
BytedVanillaOptions,SeekFools,0
BytedVanillaOptions,SeekFools,128
BytedVanillaOptions,SeekFools,62
BytedVanillaOptions,SeekFools,1
BytedVanillaOptions,SeekFools,1
BytedVanillaOptions,SeekFools,0
BytedVanillaOptions,SeekFools,0
BytedVanillaOptions,SeekFools,72
BytedVanillaOptions,SeekFools,66
BytedVanillaOptions,SeekFools,154
BytedVanillaOptions,SeekFools,153
BytedVanillaOptions,SeekFools,153
BytedVanillaOptions,SeekFools,63
BytedVanillaOptions,SeekFools,1
BytedVanillaOptions,SeekFools,0
BytedVanillaOptions,SeekFools,255
BytedVanillaOptions,SeekFools,255
BytedVanillaOptions,SeekFools,255
BytedVanillaOptions,SeekFools,255
BytedVanillaOptions,SeekFools,0
BytedVanillaOptions,SeekFools,0
BytedVanillaOptions,SeekFools,192
BytedVanillaOptions,SeekFools,64
BytedVanillaOptions,SeekFools,0
BytedVanillaOptions,SeekFools,0
BytedVanillaOptions,SeekFools,64
BytedVanillaOptions,SeekFools,64
BytedVanillaOptions,SeekFools,0
